twitter_id,Misogynistic behavior,Sexual harassment and/or derailing,Discredit and/or dominance,Xenophobia and/or racism,Islamophobia,Prevalence,Stereotypes,Target defense,Stance
1259241957613867008,0,0,0,0,0,ABSENT,0,1,ABSENT
1259242005831593995,0,0,0,0,0,ABSENT,0,0,ABSENT
1259242109237944321,0,0,0,0,0,ABSENT,0,1,ABSENT
1259242152221081602,0,0,0,0,0,ABSENT,0,1,ABSENT
1259242162572623873,0,0,0,0,0,ABSENT,0,0,AGAINST
1259242236597997569,0,0,0,0,0,ABSENT,0,1,AGAINST
1259247029332652038,0,0,0,0,0,ABSENT,0,1,ABSENT
1259247850862624769,0,0,0,0,0,ABSENT,1,0,ABSENT
1259249856570445825,0,0,0,0,0,ABSENT,0,1,ABSENT
1259250494943326208,0,0,0,0,0,ABSENT,0,0,ABSENT
1259250518930718733,1,0,1,0,0,ABSENT,1,0,ABSENT
1259257175416934400,0,0,0,0,0,ABSENT,0,1,ABSENT
1259268051683422210,0,0,0,1,0,XENOPHOBIA and / or RACISM,1,0,AGAINST
1259270534224842754,0,0,0,0,0,ABSENT,0,0,ABSENT
1259271016087531521,0,0,0,0,0,ABSENT,0,1,ABSENT
1259274047579439104,0,0,0,0,0,ABSENT,0,0,ABSENT
1259274592402788352,1,0,1,0,0,ABSENT,0,0,ABSENT
1259288130378661889,0,0,0,0,0,ABSENT,0,0,ABSENT
1259290849831198720,0,0,0,0,0,ABSENT,0,0,ABSENT
1259303297137233921,0,0,0,0,0,ABSENT,0,1,SUPPORT
1259317650301337600,0,0,0,0,0,ABSENT,0,1,ABSENT
1259332594568552448,0,0,0,0,0,ABSENT,0,0,ABSENT
1259343978727641089,0,0,0,0,0,ABSENT,0,1,ABSENT
1259347434293071872,0,0,0,0,0,ABSENT,0,1,ABSENT
1259347467054784512,0,0,0,1,0,ABSENT,1,0,ABSENT
1259355831029641216,0,0,0,0,0,ABSENT,0,1,AGAINST
1259362612388810753,0,0,0,0,0,ABSENT,0,1,ABSENT
1259362614217445381,0,0,0,0,0,ABSENT,0,0,ABSENT
1259362856396562432,0,0,0,0,0,ABSENT,0,0,ABSENT
1259362908196278272,0,0,0,0,0,ABSENT,0,0,ABSENT
1259363001431441408,0,0,0,0,0,ABSENT,0,0,ABSENT
1259363108046454784,0,0,0,0,0,ABSENT,0,1,ABSENT
1259363224694272001,0,0,0,0,0,ABSENT,0,1,ABSENT
1259364991767138307,1,0,1,0,0,ABSENT,1,0,SUPPORT
1259365541384540161,0,0,0,0,0,ABSENT,0,1,ABSENT
1259370111481282561,1,0,1,0,0,ABSENT,1,0,ABSENT
1259373801529323525,0,0,0,0,0,ABSENT,0,1,ABSENT
1259376148146016256,0,0,0,0,0,ABSENT,0,0,ABSENT
1259376460898451456,1,0,0,1,0,XENOPHOBIA and / or RACISM,1,0,ABSENT
1259377679238905856,0,0,0,0,0,ABSENT,0,1,ABSENT
1259377699350552578,0,0,0,0,0,ABSENT,0,1,ABSENT
1259377740198940674,0,0,0,0,0,ABSENT,0,1,ABSENT
1259377741302022148,0,0,0,0,0,ABSENT,0,1,ABSENT
1259377872193683456,1,0,1,1,0,MISOGYNY,1,0,AGAINST
1259377895291654146,0,0,0,0,0,ABSENT,0,1,ABSENT
1259378019472457728,0,0,0,0,0,ABSENT,0,1,ABSENT
1259378043623178241,0,0,0,0,0,ABSENT,0,1,ABSENT
1259379190341795841,0,0,0,0,0,ABSENT,0,1,ABSENT
1259380889777319937,0,0,0,0,0,ABSENT,0,0,ABSENT
1259387759279702016,0,0,0,0,0,ABSENT,0,0,ABSENT
1259392733988311040,0,0,0,0,0,ABSENT,0,0,ABSENT
1259392767282774016,0,0,0,0,0,ABSENT,0,0,ABSENT
1259392812719714304,0,0,0,0,0,ABSENT,0,1,ABSENT
1259392833838092289,0,0,0,0,0,ABSENT,0,0,ABSENT
1259392837726228480,0,0,0,0,0,ABSENT,0,1,SUPPORT
1259392943217086464,0,0,0,0,0,ABSENT,0,1,ABSENT
1259395009352253441,0,0,0,1,1,XENOPHOBIA and / or RACISM,1,0,SUPPORT
1259398134599487488,0,0,0,1,0,ABSENT,1,0,ABSENT
1259400592750936064,0,0,0,0,0,ABSENT,0,1,ABSENT
1259400717586051073,0,0,0,0,1,ABSENT,0,1,ABSENT
1259401295338840064,0,0,0,0,0,ABSENT,0,0,AGAINST
1259404374712909825,1,0,1,0,1,MISOGYNY,1,0,ABSENT
1259408119643463680,0,0,0,1,0,ABSENT,1,0,SUPPORT
1259408158386196480,0,0,0,0,0,ABSENT,0,1,SUPPORT
1259408263591997440,0,0,0,0,0,ABSENT,0,1,ABSENT
1259408281560375296,0,0,0,0,0,ABSENT,0,0,ABSENT
1259408394085117952,0,0,0,0,0,ABSENT,0,0,ABSENT
1259408401349705728,0,0,0,0,0,ABSENT,0,1,ABSENT
1259409799898374148,0,0,0,0,0,ABSENT,0,1,ABSENT
1259412004474945536,1,0,1,0,1,ABSENT,1,0,ABSENT
1259416130386526209,0,0,0,1,0,ABSENT,0,0,ABSENT
1259416673620238337,0,0,0,0,0,ABSENT,0,1,ABSENT
1259419674405736448,0,0,0,0,0,ABSENT,0,0,ABSENT
1259419888453595136,1,0,1,0,1,MISOGYNY,1,0,ABSENT
1259423005555462145,0,0,0,0,0,ABSENT,0,1,ABSENT
1259423112321478656,0,0,0,0,0,ABSENT,0,1,ABSENT
1259423181368107008,0,0,0,0,0,ABSENT,0,1,ABSENT
1259423275060465665,0,0,0,0,0,ABSENT,0,1,ABSENT
1259423389464363008,0,0,0,0,0,ABSENT,0,1,ABSENT
1259423439858868224,0,0,0,0,1,ABSENT,0,0,ABSENT
1259423470816985088,0,0,0,0,0,ABSENT,0,1,ABSENT
1259423483861372929,0,0,0,0,0,ABSENT,0,0,ABSENT
1259423563804745729,0,0,0,0,0,ABSENT,0,1,ABSENT
1259423563934728193,0,0,0,0,0,ABSENT,0,1,ABSENT
1259424555585671168,0,0,0,0,1,ABSENT,1,0,ABSENT
1259425187520536576,0,0,0,1,0,ABSENT,1,0,ABSENT
1259426064977334272,1,0,1,0,1,ISLAMOPHOBIA,1,0,ABSENT
1259426347044265991,0,0,0,0,0,ABSENT,0,0,SUPPORT
1259426752063057920,0,0,0,0,0,ABSENT,0,0,ABSENT
1259427540889931776,0,0,0,0,0,ABSENT,0,1,ABSENT
1259431200860577793,1,0,0,0,0,ABSENT,0,0,ABSENT
1259434896289869824,1,0,1,1,1,XENOPHOBIA and / or RACISM,1,0,ABSENT
1259435699788537857,0,0,0,0,0,ABSENT,0,0,ABSENT
1259438033318940672,0,0,0,0,0,ABSENT,0,0,ABSENT
1259438069465395200,0,0,0,0,0,ABSENT,1,1,SUPPORT
1259438132279357440,0,0,0,0,0,ABSENT,0,0,ABSENT
1259438299158122497,0,0,0,0,0,ABSENT,0,0,ABSENT
1259438941020839937,0,0,0,0,0,ABSENT,0,0,ABSENT
1259439256721936384,0,0,0,0,0,ABSENT,0,1,ABSENT
1259440433236783105,0,0,0,0,0,ABSENT,0,0,ABSENT
1259445473968115712,1,0,1,0,1,ISLAMOPHOBIA,1,0,ABSENT
1259448658979930115,0,0,0,0,0,ABSENT,0,0,ABSENT
1259448907152723970,1,0,1,0,1,ISLAMOPHOBIA,1,0,AGAINST
1259453091155509248,1,1,0,0,0,ABSENT,1,0,ABSENT
1259453138974760960,0,0,0,0,0,ABSENT,0,1,ABSENT
1259453148457992193,0,0,0,0,0,ABSENT,0,0,ABSENT
1259453253676400640,0,0,0,0,0,ABSENT,0,0,ABSENT
1259453316398022657,0,0,0,0,0,ABSENT,0,1,ABSENT
1259453364255014917,0,0,0,0,1,ISLAMOPHOBIA,1,0,ABSENT
1259453379228639233,0,0,0,0,0,ABSENT,0,0,ABSENT
1259453415199068161,0,0,0,0,0,ABSENT,0,0,ABSENT
1259453441841287170,0,0,0,0,0,ABSENT,0,1,ABSENT
1259453467887878145,0,0,0,0,0,ABSENT,0,0,ABSENT
1259453479984271365,0,0,0,0,0,ABSENT,0,1,ABSENT
1259453531582578688,0,0,0,0,0,ABSENT,0,0,SUPPORT
1259453576310673410,0,0,0,0,0,ABSENT,0,1,ABSENT
1259453588037828609,0,0,0,0,1,ABSENT,1,0,ABSENT
1259453592836194305,0,0,0,0,0,ABSENT,0,0,ABSENT
1259453634443608064,0,0,0,0,0,ABSENT,0,1,ABSENT
1259453635076988928,0,0,0,0,0,ABSENT,0,1,AGAINST
1259453641397874690,0,0,0,0,0,ABSENT,0,1,ABSENT
1259453648171601922,0,0,0,0,0,ABSENT,0,1,ABSENT
1259453651506147329,0,0,0,0,0,ABSENT,0,0,ABSENT
1259453738282110976,0,0,0,0,0,ABSENT,0,1,ABSENT
1259453741574565888,0,0,0,0,0,ABSENT,0,0,ABSENT
1259453751317934080,0,0,0,0,0,ABSENT,0,0,ABSENT
1259453755340263424,0,0,0,0,0,ABSENT,0,0,ABSENT
1259453759320539137,0,0,0,0,0,ABSENT,0,0,ABSENT
1259453770758451201,0,0,0,0,0,ABSENT,0,0,ABSENT
1259453774982193154,0,0,0,0,0,ABSENT,0,1,ABSENT
1259453809652367361,0,0,0,0,1,ABSENT,0,0,ABSENT
1259453852702650374,0,0,0,0,0,ABSENT,0,1,ABSENT
1259453916103794688,0,0,0,0,0,ABSENT,0,0,ABSENT
1259453938807582720,0,0,0,0,0,ABSENT,0,0,ABSENT
1259453955853213697,0,0,0,0,0,ABSENT,0,1,ABSENT
1259453972944957440,0,0,0,0,0,ABSENT,0,0,ABSENT
1259453982885511168,0,0,0,0,0,ABSENT,0,0,ABSENT
1259453983250436096,0,0,0,0,0,ABSENT,0,0,ABSENT
1259454036119560192,0,0,0,0,0,ABSENT,0,1,ABSENT
1259454040645054464,0,0,0,0,0,ABSENT,0,1,ABSENT
1259454059616112646,0,0,0,0,0,ABSENT,0,1,ABSENT
1259454066553389056,0,0,0,0,0,ABSENT,0,0,ABSENT
1259454071213342725,0,0,0,0,0,ABSENT,0,0,ABSENT
1259454081829142528,0,0,0,0,0,ABSENT,0,0,ABSENT
1259454131607080960,0,0,0,0,0,ABSENT,0,0,ABSENT
1259454189081591808,0,0,0,0,0,ABSENT,0,0,ABSENT
1259454827513483265,0,0,0,0,0,ABSENT,0,1,ABSENT
1259455487516475392,0,0,0,0,0,ABSENT,0,1,ABSENT
1259455726021488640,0,0,0,0,0,ABSENT,0,1,ABSENT
1259456335910965253,1,0,1,0,0,ABSENT,1,0,ABSENT
1259457111572066304,0,0,0,0,0,ABSENT,0,1,ABSENT
1259457202101813248,1,0,0,0,0,ABSENT,0,0,ABSENT
1259457701932916737,0,0,0,0,0,ABSENT,0,0,ABSENT
1259458010746949636,0,0,0,0,0,ABSENT,0,1,ABSENT
1259458172038897664,0,0,0,0,0,ABSENT,0,1,ABSENT
1259458597903368192,0,0,0,0,0,ABSENT,0,0,ABSENT
1259458679541305357,0,0,0,0,1,ABSENT,1,0,ABSENT
1259458703000035328,0,0,0,0,0,ABSENT,0,1,ABSENT
1259458938103267333,0,0,0,0,0,ABSENT,0,0,ABSENT
1259459023633555458,0,0,0,0,0,ABSENT,0,0,ABSENT
1259459360406884353,0,0,0,0,0,ABSENT,0,0,ABSENT
1259459819225993216,0,0,0,0,0,ABSENT,1,0,SUPPORT
1259459897286168576,1,0,1,0,1,ISLAMOPHOBIA,0,0,ABSENT
1259460134599884801,0,0,0,1,0,MISOGYNY,1,0,ABSENT
1259460181152477184,1,0,1,0,1,MISOGYNY,1,0,ABSENT
1259460265617301510,1,0,1,0,0,ABSENT,1,0,ABSENT
1259460708414210052,0,0,0,0,0,ABSENT,0,0,ABSENT
1259461418690232320,0,0,0,0,0,ABSENT,0,1,ABSENT
1259461802980790274,1,0,0,0,1,ABSENT,1,0,SUPPORT
1259461947499655169,1,0,1,1,0,MISOGYNY,1,0,AGAINST
1259462964194807808,0,0,0,0,0,ABSENT,0,1,ABSENT
1259463828804337664,0,0,0,0,0,ABSENT,0,1,ABSENT
1259463835024531456,1,0,1,0,0,ABSENT,0,0,ABSENT
1259464655593975815,0,0,0,0,0,ABSENT,0,0,AGAINST
1259465047123820544,1,0,1,0,0,ABSENT,1,0,AGAINST
1259465229131493378,0,0,0,0,0,ABSENT,0,1,ABSENT
1259465313793474563,0,0,0,0,0,ABSENT,1,0,ABSENT
1259468002556358657,1,0,1,0,1,MISOGYNY,1,0,ABSENT
1259468231259107329,0,0,0,0,0,ABSENT,0,1,ABSENT
1259468235428081665,0,0,0,0,0,ABSENT,0,1,ABSENT
1259468296694398976,0,0,0,0,1,ABSENT,0,0,NEUTRAL
1259468303552167937,0,0,0,0,0,ABSENT,0,1,AGAINST
1259468308073656320,0,0,0,0,0,ABSENT,1,0,ABSENT
1259468322044882945,0,0,0,0,0,ABSENT,0,0,ABSENT
1259468323592581122,0,0,0,0,0,ABSENT,0,1,ABSENT
1259468331817541633,0,0,0,0,0,ABSENT,0,1,ABSENT
1259468343477755904,0,0,0,0,0,ABSENT,0,0,ABSENT
1259468377762017280,0,0,0,0,0,ABSENT,0,1,ABSENT
1259468379724922880,0,0,0,0,0,ABSENT,0,1,ABSENT
1259468391213039617,0,0,0,0,0,ABSENT,0,0,ABSENT
1259468407084326914,0,0,0,0,0,ABSENT,0,1,ABSENT
1259468414797647874,0,0,0,0,0,ABSENT,0,0,ABSENT
1259468435370754048,0,0,0,0,0,ABSENT,0,1,ABSENT
1259468467071332353,0,0,0,0,0,ABSENT,0,0,ABSENT
1259468498453123072,0,0,0,0,0,ABSENT,0,1,ABSENT
1259468524176781312,0,0,0,0,0,ABSENT,0,1,ABSENT
1259468554849660930,0,0,0,0,0,ABSENT,0,1,ABSENT
1259468562772656129,0,0,0,0,0,ABSENT,0,1,ABSENT
1259468590455103488,0,0,0,0,0,ABSENT,0,1,ABSENT
1259470491833729025,0,0,0,0,0,ABSENT,0,0,ABSENT
1259470751004069888,0,0,0,0,0,ABSENT,0,1,ABSENT
1259471229615890436,0,0,0,1,1,XENOPHOBIA and / or RACISM,1,0,ABSENT
1259472835384311809,0,0,0,0,0,ABSENT,1,0,NEUTRAL
1259474009672073216,1,0,1,1,0,MISOGYNY,1,0,ABSENT
1259474390896574466,1,1,1,0,1,MISOGYNY,1,0,SUPPORT
1259475458053242880,0,0,0,0,0,ABSENT,0,0,ABSENT
1259475750568308739,0,0,0,0,1,ABSENT,1,0,ABSENT
1259475862480658434,1,0,1,1,0,XENOPHOBIA and / or RACISM,1,0,SUPPORT
1259476649432748032,0,0,0,0,0,ABSENT,0,1,ABSENT
1259477109174685696,0,0,0,0,0,ABSENT,0,0,ABSENT
1259477748441063427,1,0,1,0,0,MISOGYNY,1,0,NEUTRAL
1259478760841240576,0,0,0,0,0,ABSENT,0,0,ABSENT
1259479751179350016,0,0,0,0,0,ABSENT,0,1,ABSENT
1259480317095825408,0,0,0,0,0,ABSENT,0,0,NEUTRAL
1259481259463540736,1,0,0,0,0,ABSENT,1,0,ABSENT
1259481411599376390,0,0,0,0,0,ABSENT,0,1,ABSENT
1259481945681154049,1,0,1,1,1,ISLAMOPHOBIA,1,0,ABSENT
1259482454051696640,0,0,0,1,0,ABSENT,1,0,ABSENT
1259482756356214791,1,0,1,1,1,ABSENT,1,0,ABSENT
1259482758465957890,0,0,0,0,0,ABSENT,0,1,ABSENT
1259483342610796546,0,0,0,0,0,ABSENT,0,0,ABSENT
1259483372415586305,0,0,0,0,0,ABSENT,0,0,SUPPORT
1259483392317538304,0,0,0,0,1,ABSENT,0,0,ABSENT
1259483398843883522,0,0,0,0,0,ABSENT,0,1,ABSENT
1259483399984754688,0,0,0,0,0,ABSENT,0,1,ABSENT
1259483421253996546,0,0,0,0,0,ABSENT,1,1,ABSENT
1259483422864674818,0,0,0,0,0,ABSENT,0,1,AGAINST
1259483438459084802,0,0,0,0,0,ABSENT,0,0,ABSENT
1259483457480282112,0,0,0,0,0,ABSENT,0,1,ABSENT
1259483469190778882,0,0,0,0,0,ABSENT,0,1,ABSENT
1259483527667757059,0,0,0,0,0,ABSENT,0,1,ABSENT
1259483559930322944,0,0,0,0,0,ABSENT,0,1,ABSENT
1259483570269229056,0,0,0,0,0,ABSENT,0,1,ABSENT
1259483571783376899,0,0,0,0,0,ABSENT,0,1,ABSENT
1259483603274280960,0,0,0,0,0,ABSENT,0,1,ABSENT
1259483607967641600,0,0,0,0,1,ABSENT,1,0,AGAINST
1259483614666018817,0,0,0,0,0,ABSENT,0,1,ABSENT
1259483631573184519,0,0,0,0,0,ABSENT,0,1,ABSENT
1259483640620355586,0,0,0,0,0,ABSENT,0,0,ABSENT
1259483653752700930,0,0,0,0,0,ABSENT,0,1,ABSENT
1259483676406157313,0,0,0,0,0,ABSENT,0,0,ABSENT
1259483684610113536,0,0,0,0,0,ABSENT,0,1,ABSENT
1259483687856549888,0,0,0,0,1,ABSENT,1,0,AGAINST
1259483705367822336,0,0,0,0,0,ABSENT,0,1,ABSENT
1259483716453150722,0,0,0,0,0,ABSENT,0,0,ABSENT
1259483733121470465,1,0,1,0,1,ISLAMOPHOBIA,0,0,ABSENT
1259483733675192326,1,0,1,0,1,MISOGYNY,0,0,ABSENT
1259483736254660608,0,0,0,0,0,ABSENT,0,1,ABSENT
1259483811664089088,0,0,0,0,0,ABSENT,0,0,ABSENT
1259483819461292033,0,0,0,0,1,ABSENT,1,0,AGAINST
1259483836754296833,0,0,0,0,1,ABSENT,0,0,ABSENT
1259483841728843776,1,1,1,0,1,XENOPHOBIA and / or RACISM,1,0,AGAINST
1259483850524196864,0,0,0,0,1,ABSENT,1,0,ABSENT
1259483851262513153,0,0,0,0,0,ABSENT,0,1,ABSENT
1259483863828529152,0,0,0,1,0,ABSENT,0,1,ABSENT
1259483902734991361,0,0,0,0,0,ABSENT,0,1,ABSENT
1259483916790005761,0,0,0,0,0,ABSENT,0,1,ABSENT
1259483929188458501,0,0,0,0,0,ABSENT,0,1,ABSENT
1259483931172319232,0,0,0,0,0,ABSENT,0,1,ABSENT
1259483936658460674,0,0,0,1,0,ABSENT,0,0,ABSENT
1259483937233084417,0,0,0,0,0,ABSENT,0,1,ABSENT
1259483954069061635,0,0,0,1,1,XENOPHOBIA and / or RACISM,0,0,ABSENT
1259484598234382337,0,0,0,0,0,ABSENT,0,1,ABSENT
1259484882394382336,0,0,0,0,1,ABSENT,0,0,SUPPORT
1259485015714467841,0,0,0,0,0,ABSENT,0,1,ABSENT
1259486393744719872,0,0,0,0,0,ABSENT,0,0,ABSENT
1259487853601570818,0,0,0,0,0,ABSENT,0,1,AGAINST
1259489535639109634,0,0,0,0,0,ABSENT,0,1,ABSENT
1259489619562958848,1,0,1,1,0,MISOGYNY,1,0,SUPPORT
1259489835309576192,1,0,1,0,0,ABSENT,1,0,ABSENT
1259490263329845248,1,0,1,1,1,ISLAMOPHOBIA,1,0,ABSENT
1259490660790333440,1,0,1,1,1,XENOPHOBIA and / or RACISM,1,0,ABSENT
1259490753941733376,0,0,0,0,0,ABSENT,0,1,ABSENT
1259490976781008903,0,0,0,0,1,ABSENT,0,0,ABSENT
1259491187297341440,0,0,0,0,0,ABSENT,0,0,ABSENT
1259491383284465665,0,0,0,0,0,ABSENT,0,1,ABSENT
1259491667633152001,0,0,0,0,0,ABSENT,0,0,ABSENT
1259491824563077123,0,0,0,0,0,ABSENT,0,1,AGAINST
1259492337870307328,0,0,0,0,0,ABSENT,0,1,ABSENT
1259492749243551744,0,0,0,0,1,ABSENT,1,0,ABSENT
1259492906089537536,0,0,0,1,0,ABSENT,1,0,ABSENT
1259493752382554114,0,0,0,0,0,ABSENT,0,0,ABSENT
1259493942111936514,1,0,0,0,1,ISLAMOPHOBIA,1,1,ABSENT
1259495022040420353,0,0,0,0,0,ABSENT,0,0,ABSENT
1259495787052089346,0,0,0,0,0,ABSENT,0,1,AGAINST
1259497141350924288,1,0,0,0,0,ABSENT,0,0,ABSENT
1259497586823700480,0,0,0,0,1,ABSENT,1,0,ABSENT
1259497861844217856,0,0,0,0,0,ABSENT,0,1,ABSENT
1259498086885404673,0,0,0,0,0,ABSENT,0,1,ABSENT
1259498193009676288,1,1,1,1,1,XENOPHOBIA and / or RACISM,1,0,ABSENT
1259498261737586690,1,0,1,0,0,ABSENT,1,0,ABSENT
1259498289193418755,1,0,1,0,0,ABSENT,1,0,ABSENT
1259498389315760130,1,0,1,0,0,ABSENT,0,0,ABSENT
1259498458454556672,0,0,0,0,0,ABSENT,1,0,ABSENT
1259498464628617217,0,0,0,0,0,ABSENT,0,0,AGAINST
1259498501010067456,1,1,1,1,1,ISLAMOPHOBIA,1,0,ABSENT
1259498512682713090,0,0,0,0,1,ABSENT,0,1,ABSENT
1259498531842375682,0,0,0,0,0,ABSENT,0,0,ABSENT
1259498539761238017,0,0,0,0,0,ABSENT,0,0,ABSENT
1259498560887885825,0,0,0,0,0,ABSENT,0,1,ABSENT
1259498592429096960,0,0,0,0,0,ABSENT,0,0,ABSENT
1259498645759692800,0,0,0,0,0,ABSENT,0,1,ABSENT
1259498660972367874,0,0,0,0,0,ABSENT,0,1,ABSENT
1259498670124339200,0,0,0,0,0,ABSENT,0,1,ABSENT
1259498683692978176,0,0,0,0,0,ABSENT,0,1,ABSENT
1259498700122075138,1,0,1,0,0,ABSENT,0,0,ABSENT
1259498727666049029,1,1,1,0,0,ABSENT,0,0,ABSENT
1259498759349821441,0,0,0,0,0,ABSENT,0,1,ABSENT
1259498766089977861,0,0,0,0,0,ABSENT,0,0,ABSENT
1259498775128743938,0,0,0,0,0,ABSENT,0,1,ABSENT
1259498809480134657,1,0,1,0,0,ABSENT,0,0,ABSENT
1259498822264373250,0,0,0,0,0,ABSENT,0,1,ABSENT
1259498910474801156,0,0,0,0,0,ABSENT,0,0,ABSENT
1259498919677112327,0,0,0,0,0,ABSENT,0,1,AGAINST
1259498957362913280,0,0,0,0,0,ABSENT,0,1,ABSENT
1259498962622562311,0,0,0,0,0,ABSENT,0,0,ABSENT
1259498962945531915,0,0,0,0,0,ABSENT,0,1,ABSENT
1259498981819899912,0,0,0,0,0,ABSENT,0,1,ABSENT
1259499007472275456,0,0,0,0,1,ABSENT,0,0,ABSENT
1259499009640669184,0,0,0,0,0,ABSENT,0,0,ABSENT
1259499014833295360,0,0,0,0,1,ABSENT,1,0,NEUTRAL
1259499064611278848,0,0,0,0,0,ABSENT,0,1,ABSENT
1259499069170348033,0,0,0,0,0,ABSENT,0,0,ABSENT
1259499133427159040,0,0,0,0,0,ABSENT,0,1,ABSENT
1259499164137926658,1,1,1,0,0,ABSENT,1,0,ABSENT
1259499235462037507,1,0,1,0,0,ABSENT,1,0,SUPPORT
1259499643223842816,0,0,0,0,0,ABSENT,0,0,ABSENT
1259499823469858818,1,1,1,1,0,MISOGYNY,1,0,ABSENT
1259499829786533890,0,0,0,0,0,ABSENT,0,0,ABSENT
1259500698452013056,1,0,1,1,1,MISOGYNY,1,0,AGAINST
1259501643764285442,0,0,0,0,0,ABSENT,0,1,ABSENT
1259501767886286848,0,0,0,0,0,ABSENT,0,1,ABSENT
1259502195277467653,0,0,0,0,0,ABSENT,0,1,ABSENT
1259503106846580737,1,0,1,0,1,MISOGYNY,1,0,ABSENT
1259503587685806080,0,0,0,0,1,ABSENT,1,1,ABSENT
1259504473107554304,0,0,0,0,0,ABSENT,0,1,ABSENT
1259504486231441411,0,0,0,0,0,ABSENT,0,0,ABSENT
1259504785633484805,0,0,0,0,0,ABSENT,0,0,ABSENT
1259506116809146368,0,0,0,0,0,ABSENT,1,1,SUPPORT
1259506292214947840,0,0,0,0,0,ABSENT,0,0,ABSENT
1259506642237956096,0,0,0,0,0,ABSENT,1,1,SUPPORT
1259507100952276992,1,0,1,1,1,MISOGYNY,1,0,ABSENT
1259507412463222788,0,0,0,0,0,ABSENT,0,0,ABSENT
1259508325504425984,0,0,0,0,0,ABSENT,0,1,ABSENT
1259508791986589698,1,0,1,0,1,MISOGYNY,1,0,AGAINST
1259510188371070977,1,0,0,0,0,ABSENT,0,1,ABSENT
1259510251243614210,0,0,0,0,1,ISLAMOPHOBIA,1,0,ABSENT
1259510508648103937,1,0,1,0,0,ABSENT,1,0,ABSENT
1259510898550587396,0,0,0,0,0,ABSENT,0,1,ABSENT
1259511769241915392,0,0,0,1,1,ISLAMOPHOBIA,1,0,ABSENT
1259512597977673733,0,0,0,0,0,ABSENT,0,0,ABSENT
1259513237957234698,1,0,1,0,1,ISLAMOPHOBIA,1,0,ABSENT
1259513528777682944,0,0,0,0,0,ABSENT,0,1,ABSENT
1259513573254082562,0,0,0,1,0,XENOPHOBIA and / or RACISM,1,0,AGAINST
1259513591893569536,0,0,0,0,0,ABSENT,1,0,AGAINST
1259513646344032256,0,0,0,0,0,ABSENT,0,0,ABSENT
1259513652350259203,0,0,0,0,0,ABSENT,0,1,ABSENT
1259513684394639361,0,0,0,0,0,ABSENT,0,1,ABSENT
1259513690132447233,1,0,1,1,1,MISOGYNY,1,0,ABSENT
1259513702920998914,0,0,0,0,0,ABSENT,0,1,ABSENT
1259513718410481667,0,0,0,0,0,ABSENT,0,1,ABSENT
1259513723372269570,0,0,0,1,0,ABSENT,0,0,ABSENT
1259513757035888642,0,0,0,0,0,ABSENT,0,0,ABSENT
1259513872349872130,0,0,0,0,1,ABSENT,1,0,SUPPORT
1259513895653380097,0,0,0,0,0,ABSENT,0,1,ABSENT
1259513903115046915,0,0,0,0,0,ABSENT,0,0,ABSENT
1259513905556185089,0,0,0,0,1,ABSENT,1,0,ABSENT
1259513910996197376,0,0,0,0,0,ABSENT,0,1,ABSENT
1259513948799467522,0,0,0,0,0,ABSENT,0,1,ABSENT
1259513991853944833,0,0,0,0,0,ABSENT,0,1,ABSENT
1259514040432369664,0,0,0,0,0,ABSENT,0,1,ABSENT
1259514045910188032,0,0,0,0,0,ABSENT,0,1,ABSENT
1259514049353613316,0,0,0,0,0,ABSENT,0,0,ABSENT
1259514086724960256,0,0,0,1,0,MISOGYNY,1,0,ABSENT
1259514116236025860,0,0,0,0,0,ABSENT,0,1,AGAINST
1259514141045293057,0,0,0,1,0,ABSENT,0,0,ABSENT
1259514163195457537,0,0,0,0,0,ABSENT,0,0,ABSENT
1259514897760751617,0,0,0,0,0,ABSENT,0,1,ABSENT
1259515213331775488,1,0,1,0,0,ABSENT,1,0,ABSENT
1259515580308238336,0,0,0,0,0,ABSENT,0,1,ABSENT
1259515841055465472,0,0,0,0,0,ABSENT,0,1,ABSENT
1259515867701837832,1,0,1,1,1,ISLAMOPHOBIA,1,0,ABSENT
1259515932348747776,1,0,1,0,0,ABSENT,1,0,ABSENT
1259516443248427009,1,0,1,0,1,ABSENT,0,0,SUPPORT
1259516953925992448,0,0,0,0,0,ABSENT,0,1,ABSENT
1259516966332764160,0,0,0,1,1,ABSENT,1,0,ABSENT
1259517547617099777,1,0,1,1,1,ISLAMOPHOBIA,1,0,SUPPORT
1259518476269600768,0,0,0,0,1,ABSENT,1,0,ABSENT
1259518966894137344,1,0,1,1,1,MISOGYNY,1,0,ABSENT
1259519080194867200,0,0,0,0,0,ABSENT,0,1,ABSENT
1259519595003752451,0,0,0,0,0,ABSENT,1,0,SUPPORT
1259519614092021760,0,0,0,0,1,ABSENT,0,1,ABSENT
1259520747401285634,0,0,0,0,0,ABSENT,1,0,ABSENT
1259520755823411202,0,0,0,1,1,ABSENT,1,0,ABSENT
1259522001766617090,1,0,0,0,0,ABSENT,0,0,NEUTRAL
1259523183734112263,1,0,0,0,1,ISLAMOPHOBIA,0,0,ABSENT
1259523508872282112,0,0,0,0,0,ABSENT,0,1,ABSENT
1259523964524728320,0,0,0,0,0,ABSENT,0,1,ABSENT
1259524120271826945,0,0,0,0,0,ABSENT,0,1,ABSENT
1259524819974074375,1,0,1,0,1,MISOGYNY,1,0,ABSENT
1259524827599298562,1,1,1,0,1,ISLAMOPHOBIA,1,0,ABSENT
1259525406400675846,0,0,0,0,0,ABSENT,0,1,ABSENT
1259525615830646785,1,0,0,0,1,ISLAMOPHOBIA,1,0,ABSENT
1259525660038619136,1,0,1,0,1,ISLAMOPHOBIA,0,0,ABSENT
1259527169476366336,0,0,0,0,0,ABSENT,0,1,ABSENT
1259527603473518593,0,0,0,0,0,ABSENT,0,0,SUPPORT
1259527984999829511,0,0,0,0,0,ABSENT,0,1,ABSENT
1259528626770456587,0,0,0,0,0,ABSENT,0,0,ABSENT
1259528626816548865,0,0,0,0,0,ABSENT,0,0,ABSENT
1259528687462100992,0,0,0,0,0,ABSENT,0,1,ABSENT
1259528722618744834,1,0,1,0,0,ABSENT,0,0,ABSENT
1259528726343225346,0,0,0,0,0,ABSENT,0,0,ABSENT
1259528753560027143,1,1,1,0,0,ABSENT,1,0,SUPPORT
1259528764217651201,0,0,0,0,0,ABSENT,0,0,ABSENT
1259528777216004098,0,0,0,0,0,ABSENT,0,0,NEUTRAL
1259528786900590593,1,0,1,0,1,ABSENT,0,0,ABSENT
1259528816990523395,0,0,0,0,0,ABSENT,0,1,AGAINST
1259528856568041472,0,0,0,0,0,ABSENT,0,1,ABSENT
1259528884917284866,0,0,0,0,0,ABSENT,0,1,SUPPORT
1259528913363107842,0,0,0,0,0,ABSENT,0,1,ABSENT
1259528923911766017,0,0,0,0,0,ABSENT,0,1,ABSENT
1259528988013273088,0,0,0,0,0,ABSENT,0,1,ABSENT
1259528988961189888,0,0,0,0,0,ABSENT,0,0,NEUTRAL
1259529009894957056,0,0,0,0,0,ABSENT,0,1,ABSENT
1259529064265777153,0,0,0,0,0,ABSENT,0,1,AGAINST
1259529067491209216,0,0,0,0,0,ABSENT,0,0,ABSENT
1259529099367919620,0,0,0,0,0,ABSENT,0,0,ABSENT
1259529109283188736,0,0,0,0,0,ABSENT,0,1,AGAINST
1259529116862369797,0,0,0,0,0,ABSENT,0,1,ABSENT
1259529144410480645,0,0,0,0,0,ABSENT,0,1,ABSENT
1259529178162049028,0,0,0,0,0,ABSENT,0,0,ABSENT
1259529186575876098,0,0,0,0,0,ABSENT,0,1,ABSENT
1259529199817285633,0,0,0,0,0,ABSENT,0,0,ABSENT
1259529201629171713,0,0,0,0,0,ABSENT,0,0,ABSENT
1259529202556076037,0,0,0,0,0,ABSENT,0,0,ABSENT
1259529203122352130,0,0,0,0,0,ABSENT,0,0,ABSENT
1259529281350361089,0,0,0,0,0,ABSENT,0,0,ABSENT
1259529292226211840,0,0,0,0,0,ABSENT,0,0,ABSENT
1259530104323158016,0,0,0,1,1,ABSENT,1,0,ABSENT
1259530122287288320,1,1,1,1,1,XENOPHOBIA and / or RACISM,1,0,SUPPORT
1259530140276731906,0,0,0,0,0,ABSENT,0,0,SUPPORT
1259530596818325504,0,0,0,0,0,ABSENT,0,0,ABSENT
1259530633958883330,0,0,0,0,0,ABSENT,0,0,ABSENT
1259531566918914050,1,0,1,0,1,ISLAMOPHOBIA,1,0,SUPPORT
1259531755243155457,1,0,1,1,0,MISOGYNY,1,0,ABSENT
1259531886440910853,1,0,1,0,0,ABSENT,0,0,ABSENT
1259532082285551619,0,0,0,0,0,ABSENT,0,1,ABSENT
1259532356232364033,0,0,0,0,0,ABSENT,0,0,ABSENT
1259532498612215809,0,0,0,1,1,ABSENT,1,0,ABSENT
1259532646323032070,0,0,0,0,0,ABSENT,0,1,NEUTRAL
1259532698256900096,0,0,0,1,0,ABSENT,0,0,AGAINST
1259532940842852352,1,0,1,0,1,MISOGYNY,0,0,ABSENT
1259533256288059392,0,0,0,0,0,ABSENT,1,1,ABSENT
1259533310574899200,0,0,0,0,0,ABSENT,0,0,ABSENT
1259533670978912256,1,0,1,0,1,ISLAMOPHOBIA,0,0,SUPPORT
1259534533495488513,0,0,0,0,0,ABSENT,0,0,SUPPORT
1259534678287056899,1,0,1,0,1,MISOGYNY,1,0,ABSENT
1259534744859148291,1,0,1,0,0,ABSENT,0,0,ABSENT
1259536403433652226,0,0,0,0,0,ABSENT,1,0,ABSENT
1259537447245004801,0,0,0,0,0,ABSENT,0,1,ABSENT
1259537646810009600,0,0,0,0,1,ABSENT,1,0,ABSENT
1259537782600617986,1,0,1,1,1,MISOGYNY,1,0,ABSENT
1259538772141715457,0,0,0,0,1,ABSENT,0,0,ABSENT
1259540328102625280,0,0,0,0,1,ABSENT,1,0,ABSENT
1259540956015198208,1,0,1,1,0,MISOGYNY,1,0,ABSENT
1259541797812015104,0,0,0,0,0,ABSENT,0,1,ABSENT
1259542301182918661,0,0,0,1,1,ABSENT,1,0,ABSENT
1259542407294717954,1,0,0,0,0,ABSENT,0,0,SUPPORT
1259543251318693896,1,0,1,0,1,ISLAMOPHOBIA,1,0,ABSENT
1259543299729260547,0,0,0,0,0,ABSENT,1,0,ABSENT
1259543727451918337,0,0,0,0,0,ABSENT,0,1,ABSENT
1259543773723406340,1,0,1,1,1,ISLAMOPHOBIA,1,0,ABSENT
1259543775552176136,0,0,0,0,0,ABSENT,0,1,ABSENT
1259543822540963840,0,0,0,0,0,ABSENT,0,1,ABSENT
1259543823019098114,0,0,0,0,0,ABSENT,0,0,ABSENT
1259543848365297666,0,0,0,0,0,ABSENT,0,1,ABSENT
1259543850185625602,0,0,0,0,0,ABSENT,0,1,SUPPORT
1259543851695472642,0,0,0,0,0,ABSENT,0,1,SUPPORT
1259543910445088769,0,0,0,0,0,ABSENT,0,0,ABSENT
1259543912890478593,0,0,0,0,1,ABSENT,0,0,ABSENT
1259543914626854912,0,0,0,0,0,ABSENT,0,0,AGAINST
1259543923485224962,0,0,0,0,0,ABSENT,0,1,ABSENT
1259543926186414080,1,0,1,0,0,ABSENT,0,0,ABSENT
1259543929545986048,0,0,0,0,0,ABSENT,1,0,ABSENT
1259544036152610816,0,0,0,0,1,ABSENT,0,0,ABSENT
1259544096756183046,0,0,0,0,0,ABSENT,0,1,ABSENT
1259544146844491782,0,0,0,0,0,ABSENT,0,1,ABSENT
1259544149386240005,0,0,0,0,0,ABSENT,0,1,ABSENT
1259544195141963776,1,0,1,0,0,ABSENT,1,0,ABSENT
1259544222434295814,0,0,0,1,1,XENOPHOBIA and / or RACISM,0,0,ABSENT
1259544246765453313,0,0,0,0,0,ABSENT,0,0,ABSENT
1259544258995982336,0,0,0,0,0,ABSENT,0,0,ABSENT
1259544274410110977,1,1,1,0,0,ABSENT,0,0,ABSENT
1259544281234247680,0,0,0,0,0,ABSENT,0,0,ABSENT
1259544299487838212,1,0,1,1,1,ISLAMOPHOBIA,0,0,SUPPORT
1259544305791832070,0,0,0,0,1,ABSENT,0,0,ABSENT
1259544312808968192,0,0,0,0,0,ABSENT,0,1,ABSENT
1259544347101597696,0,0,0,0,0,ABSENT,0,0,ABSENT
1259544350926737412,0,0,0,0,0,ABSENT,0,1,ABSENT
1259544409387028481,0,0,0,0,0,ABSENT,0,0,ABSENT
1259544433730650112,0,0,0,1,1,ISLAMOPHOBIA,1,0,ABSENT
1259544478697881601,1,1,1,1,0,MISOGYNY,1,0,SUPPORT
1259544543709614080,1,0,1,1,0,ABSENT,1,0,ABSENT
1259544584952197121,0,0,0,1,1,ABSENT,0,0,ABSENT
1259545260897775617,0,0,0,1,1,ISLAMOPHOBIA,1,0,ABSENT
1259545570781380610,0,0,0,0,0,ABSENT,0,1,ABSENT
1259545623482818561,0,0,0,0,0,ABSENT,0,0,ABSENT
1259545745562230792,0,0,0,0,0,ABSENT,0,0,SUPPORT
1259545755838222336,0,0,0,0,0,ABSENT,0,1,ABSENT
1259546296874123265,0,0,0,0,1,ABSENT,0,0,ABSENT
1259546574562177026,0,0,0,0,0,ABSENT,0,1,ABSENT
1259546957837631490,1,0,1,1,0,MISOGYNY,1,0,SUPPORT
1259548022402400256,0,0,0,0,0,ABSENT,0,0,ABSENT
1259548283200057353,1,0,1,0,1,ISLAMOPHOBIA,0,0,ABSENT
1259548297418678272,1,0,1,0,0,ABSENT,1,0,AGAINST
1259548359725068288,0,0,0,0,0,ABSENT,0,1,ABSENT
1259548856284520450,0,0,0,0,1,ABSENT,0,0,ABSENT
1259549332069588992,0,0,0,0,0,ABSENT,0,1,ABSENT
1259549337669054469,0,0,0,0,1,ABSENT,1,0,AGAINST
1259549363317157888,0,0,0,0,0,ABSENT,0,1,ABSENT
1259549541742886912,1,0,1,0,1,ISLAMOPHOBIA,1,0,ABSENT
1259550807000780802,0,0,0,0,1,ABSENT,0,0,ABSENT
1259551249608970242,0,0,0,0,0,ABSENT,0,0,ABSENT
1259551522909814784,0,0,0,0,0,ABSENT,0,0,ABSENT
1259552497011765252,0,0,0,0,1,ABSENT,1,0,ABSENT
1259552531719618561,0,0,0,0,0,ABSENT,0,1,ABSENT
1259554378635186178,1,0,1,0,1,ISLAMOPHOBIA,1,0,ABSENT
1259554587356418050,1,0,1,1,1,ISLAMOPHOBIA,1,0,ABSENT
1259555032921448448,0,0,0,0,0,ABSENT,0,0,ABSENT
1259555136202039296,0,0,0,0,0,ABSENT,0,1,AGAINST
1259556220689620992,0,0,0,0,0,ABSENT,0,1,SUPPORT
1259556375526506497,0,0,0,0,0,ABSENT,0,0,ABSENT
1259557279168372738,0,0,0,0,0,ABSENT,0,0,ABSENT
1259558454722691072,1,0,1,0,1,MISOGYNY,1,0,ABSENT
1259558827126480896,0,0,0,0,0,ABSENT,0,0,ABSENT
1259558858302898179,0,0,0,0,0,ABSENT,0,0,ABSENT
1259558864309157888,0,0,0,0,0,ABSENT,0,0,ABSENT
1259558874228678656,1,0,1,0,0,ABSENT,1,0,SUPPORT
1259558876632014851,0,0,0,0,0,ABSENT,0,1,ABSENT
1259558927877931012,0,0,0,0,0,ABSENT,0,1,ABSENT
1259558944353247232,1,0,1,1,1,XENOPHOBIA and / or RACISM,1,0,SUPPORT
1259558978880704513,0,0,0,0,0,ABSENT,1,0,ABSENT
1259558986078093320,0,0,0,0,0,ABSENT,0,0,AGAINST
1259559033666707457,0,0,0,0,0,ABSENT,0,0,ABSENT
1259559068370427906,0,0,0,0,0,ABSENT,1,0,AGAINST
1259559080806551552,1,1,1,0,0,ABSENT,0,0,ABSENT
1259559087051661313,0,0,0,0,0,ABSENT,0,0,ABSENT
1259559099727056896,1,0,1,1,1,ISLAMOPHOBIA,1,0,ABSENT
1259559099999625217,0,0,0,0,0,ABSENT,0,1,ABSENT
1259559149509259264,0,0,0,0,0,ABSENT,0,0,ABSENT
1259559212314746880,1,0,1,1,1,MISOGYNY,1,0,ABSENT
1259559219461795840,0,0,0,0,0,ABSENT,0,1,ABSENT
1259559224469860357,1,1,1,0,1,MISOGYNY,0,0,ABSENT
1259559233730883591,0,0,0,0,0,ABSENT,0,0,ABSENT
1259559282758094849,0,0,0,0,0,ABSENT,0,1,ABSENT
1259559342686208005,0,0,0,0,0,ABSENT,0,0,ABSENT
1259559348306685953,0,0,0,0,0,ABSENT,0,0,ABSENT
1259559361824858113,0,0,0,0,0,ABSENT,0,1,ABSENT
1259559363813027840,1,0,0,0,1,MISOGYNY,1,0,ABSENT
1259559368833601536,1,0,1,0,0,ABSENT,0,0,ABSENT
1259559377184477194,0,0,0,0,1,ABSENT,1,0,ABSENT
1259559399003230210,0,0,0,0,0,ABSENT,0,1,ABSENT
1259559452686127104,0,0,0,0,0,ABSENT,0,0,ABSENT
1259559458398711809,0,0,0,0,0,ABSENT,0,0,ABSENT
1259559479705833473,0,0,0,0,0,ABSENT,0,0,NEUTRAL
1259559504057970693,0,0,0,0,0,ABSENT,0,0,ABSENT
1259559557191421955,0,0,0,0,1,ISLAMOPHOBIA,1,0,ABSENT
1259561156596903936,1,0,1,0,1,ABSENT,1,0,SUPPORT
1259561795255250944,0,0,0,0,0,ABSENT,0,1,ABSENT
1259562056015056897,0,0,0,0,0,ABSENT,0,1,ABSENT
1259562207001612293,1,0,1,0,0,ABSENT,1,0,ABSENT
1259562518311288833,1,0,0,0,1,ABSENT,0,0,ABSENT
1259563233133944832,1,0,1,1,1,ISLAMOPHOBIA,1,0,ABSENT
1259563417679036416,0,0,0,0,0,ABSENT,0,0,ABSENT
1259563964087885831,1,0,1,0,0,ABSENT,0,0,AGAINST
1259565712722534400,0,0,0,1,0,ABSENT,0,0,ABSENT
1259566123902742529,0,0,0,0,1,ABSENT,1,1,ABSENT
1259566270107787272,0,0,0,0,0,ABSENT,0,0,ABSENT
1259566966878154752,0,0,0,0,0,ABSENT,0,1,AGAINST
1259567141533122563,1,0,1,0,0,ABSENT,0,0,ABSENT
1259568344283430912,0,0,0,1,1,ISLAMOPHOBIA,1,0,ABSENT
1259568415372644353,1,1,1,0,1,ISLAMOPHOBIA,1,0,ABSENT
1259568688635789312,1,0,1,0,1,ABSENT,1,0,ABSENT
1259569170649358336,0,0,0,1,1,XENOPHOBIA and / or RACISM,0,0,ABSENT
1259570155253891073,1,0,1,0,1,ISLAMOPHOBIA,1,0,ABSENT
1259570886987911170,1,0,1,1,1,ISLAMOPHOBIA,1,0,ABSENT
1259571484470755337,0,0,0,0,0,ABSENT,0,0,ABSENT
1259571661294141442,0,0,0,0,0,ABSENT,0,0,SUPPORT
1259571891339235332,0,0,0,0,1,ABSENT,1,0,ABSENT
1259572138249539585,0,0,0,0,0,ABSENT,1,0,ABSENT
1259572701154488321,1,0,1,0,0,ABSENT,1,0,ABSENT
1259572807052201987,0,0,0,0,1,ABSENT,1,0,ABSENT
1259573070240546819,1,0,1,1,0,XENOPHOBIA and / or RACISM,1,0,ABSENT
1259573566615564296,0,0,0,0,1,ABSENT,1,0,ABSENT
1259573721091788801,1,0,1,1,0,MISOGYNY,1,0,AGAINST
1259573975904116738,0,0,0,0,0,ABSENT,0,1,ABSENT
1259574080698712065,0,0,0,1,0,ABSENT,0,0,AGAINST
1259574092262506496,0,0,0,0,0,ABSENT,0,0,ABSENT
1259574100823080963,1,0,1,0,0,ABSENT,0,1,ABSENT
1259574104912465924,0,0,0,0,0,ABSENT,0,1,AGAINST
1259574123451334656,0,0,0,0,1,ABSENT,1,0,ABSENT
1259574126118760448,0,0,0,0,0,ABSENT,0,0,ABSENT
1259574164685557760,0,0,0,0,0,ABSENT,0,1,ABSENT
1259574209136779265,0,0,0,0,0,ABSENT,0,0,ABSENT
1259574251407003653,0,0,0,0,0,ABSENT,0,1,ABSENT
1259574288014860288,0,0,0,0,0,ABSENT,0,1,ABSENT
1259574312429924352,0,0,0,0,0,ABSENT,0,0,ABSENT
1259574312702525440,0,0,0,0,0,ABSENT,0,0,ABSENT
1259574349998305280,0,0,0,0,0,ABSENT,0,1,ABSENT
1259574359955574784,0,0,0,0,0,ABSENT,0,0,ABSENT
1259574406633992194,0,0,0,0,0,ABSENT,0,1,ABSENT
1259575688484487168,1,0,1,0,0,ABSENT,0,0,ABSENT
1259575841601851392,0,0,0,0,0,ABSENT,0,0,ABSENT
1259576797563359233,0,0,0,0,0,ABSENT,0,0,SUPPORT
1259577842955886593,1,0,1,0,1,ABSENT,0,0,ABSENT
1259579048382156800,1,0,1,1,1,MISOGYNY,1,0,ABSENT
1259580128566403072,1,0,1,0,0,ABSENT,0,0,ABSENT
1259581008946647040,0,0,0,0,1,ABSENT,1,0,ABSENT
1259581310248550403,0,0,0,0,0,ABSENT,0,1,ABSENT
1259583159148183557,1,0,1,0,0,ABSENT,1,0,ABSENT
1259583684270854146,1,1,1,0,1,ABSENT,0,0,ABSENT
1259584620129128450,0,0,0,0,0,ABSENT,0,1,ABSENT
1259587543210823682,1,0,1,1,1,ISLAMOPHOBIA,1,0,SUPPORT
1259589076686168064,0,0,0,0,0,ABSENT,0,1,ABSENT
1259589092121227267,0,0,0,0,0,ABSENT,0,0,ABSENT
1259589199637946375,0,0,0,0,0,ABSENT,0,1,ABSENT
1259589206780846082,0,0,0,0,0,ABSENT,0,0,ABSENT
1259589228977180679,0,0,0,0,1,ABSENT,1,0,ABSENT
1259589233758679040,0,0,0,0,0,ABSENT,0,1,ABSENT
1259589288712384514,0,0,0,0,0,ABSENT,0,1,ABSENT
1259589381310078983,0,0,0,0,0,ABSENT,0,1,ABSENT
1259589407616782343,0,0,0,0,0,ABSENT,0,1,ABSENT
1259589528962072576,0,0,0,0,0,ABSENT,0,1,ABSENT
1259589533085073410,0,0,0,0,0,ABSENT,0,0,ABSENT
1259589568757665793,0,0,0,0,0,ABSENT,0,1,ABSENT
1259589955711651841,0,0,0,0,0,ABSENT,0,0,ABSENT
1259591418869215232,1,0,1,1,0,MISOGYNY,1,0,ABSENT
1259591661337878534,0,0,0,0,0,ABSENT,0,1,ABSENT
1259592215971627009,0,0,0,0,0,ABSENT,0,0,ABSENT
1259597613952884741,0,0,0,0,0,ABSENT,1,0,ABSENT
1259599395395420160,1,0,1,0,1,MISOGYNY,1,0,ABSENT
1259599919700226054,1,0,1,0,0,ABSENT,0,0,ABSENT
1259601036064555008,0,0,0,0,0,ABSENT,0,0,ABSENT
1259601360066093056,0,0,0,0,0,ABSENT,1,0,ABSENT
1259602153766871042,0,0,0,0,0,ABSENT,0,1,ABSENT
1259603484221100033,0,0,0,0,0,ABSENT,1,0,ABSENT
1259604127065260032,1,0,1,1,1,ISLAMOPHOBIA,1,0,ABSENT
1259604233218928641,0,0,0,0,0,ABSENT,0,0,NEUTRAL
1259604277837869059,0,0,0,0,1,ABSENT,1,0,AGAINST
1259604368069984257,1,0,1,0,0,ABSENT,0,0,ABSENT
1259604405919322114,0,0,0,0,0,ABSENT,0,0,ABSENT
1259604429210300417,0,0,0,0,0,ABSENT,0,0,ABSENT
1259604554007576579,0,0,0,0,0,ABSENT,0,1,ABSENT
1259604602162380800,0,0,0,0,0,ABSENT,0,1,ABSENT
1259604728519983109,1,1,1,1,1,XENOPHOBIA and / or RACISM,1,0,AGAINST
1259605732384813057,0,0,0,0,0,ABSENT,1,0,ABSENT
1259606991363878914,1,0,1,0,0,ABSENT,0,0,ABSENT
1259609906262532096,0,0,0,0,0,ABSENT,0,1,ABSENT
1259611167682691073,1,0,1,0,1,ISLAMOPHOBIA,1,0,ABSENT
1259615601808588802,0,0,0,0,0,ABSENT,0,1,ABSENT
1259615968793440257,1,0,1,0,0,ABSENT,1,0,SUPPORT
1259617287436451840,0,0,0,0,0,ABSENT,0,0,ABSENT
1259618794386984963,0,0,0,0,0,ABSENT,0,1,ABSENT
1259619250303578118,0,0,0,0,0,ABSENT,0,1,ABSENT
1259619374354305034,0,0,0,0,0,ABSENT,0,0,ABSENT
1259619390624063490,0,0,0,0,0,ABSENT,0,0,SUPPORT
1259623094102249478,0,0,0,0,0,ABSENT,0,0,ABSENT
1259624447054622720,0,0,0,0,0,ABSENT,0,0,ABSENT
1259625757946654725,0,0,0,1,0,ABSENT,0,0,ABSENT
1259634353958780928,0,0,0,0,0,ABSENT,0,1,ABSENT
1259634493775917057,0,0,0,0,0,ABSENT,0,1,AGAINST
1259635115505913860,0,0,0,1,1,XENOPHOBIA and / or RACISM,1,0,SUPPORT
1259649138507026442,0,0,0,0,0,ABSENT,0,0,SUPPORT
1259649438802481152,0,0,0,0,0,ABSENT,0,0,ABSENT
1259649667857514496,0,0,0,0,0,ABSENT,0,1,SUPPORT
1259671493618872320,1,1,1,0,1,MISOGYNY,1,0,ABSENT
1259679683177840642,0,0,0,0,0,ABSENT,0,0,AGAINST
1259681329253416960,0,0,0,0,0,ABSENT,0,0,ABSENT
1259681329828048897,0,0,0,0,0,ABSENT,0,0,ABSENT
1259685623721385984,1,0,1,1,1,MISOGYNY,0,0,ABSENT
1259687268350132227,0,0,0,0,1,ABSENT,1,0,ABSENT
1259690669070786563,1,1,1,1,0,ABSENT,1,0,AGAINST
1259695358445187072,0,0,0,0,0,ABSENT,0,0,ABSENT
1259696616300318722,1,0,0,0,1,ISLAMOPHOBIA,1,0,SUPPORT
1259698024919547904,1,0,1,1,1,ISLAMOPHOBIA,1,0,AGAINST
1259703793043857408,0,0,0,0,0,ABSENT,0,1,ABSENT
1259709890047758336,1,0,1,1,1,XENOPHOBIA and / or RACISM,1,0,AGAINST
1259709930560466944,0,0,0,0,1,ABSENT,1,0,AGAINST
1259710035183185920,0,0,0,0,0,ABSENT,0,0,ABSENT
1259710054804193281,0,0,0,0,0,ABSENT,0,1,ABSENT
1259710064946040832,0,0,0,0,0,ABSENT,0,0,ABSENT
1259710069610098688,0,0,0,0,0,ABSENT,0,0,ABSENT
1259710075167543298,0,0,0,0,0,ABSENT,0,0,ABSENT
1259710213940183041,0,0,0,1,1,XENOPHOBIA and / or RACISM,1,0,ABSENT
1259710434287984642,0,0,0,0,0,ABSENT,0,0,ABSENT
1259710493767479296,0,0,0,0,0,ABSENT,0,0,ABSENT
1259710624344440834,0,0,0,0,0,ABSENT,0,1,ABSENT
1259710672662913026,0,0,0,0,0,ABSENT,0,0,AGAINST
1259710712215207937,0,0,0,0,0,ABSENT,0,0,ABSENT
1259710766418198528,1,0,1,0,1,ISLAMOPHOBIA,1,0,NEUTRAL
1259716531182874626,1,0,0,0,0,ABSENT,0,0,ABSENT
1259719782045298688,0,0,0,0,1,ABSENT,0,0,ABSENT
1259719788944928768,0,0,0,0,0,ABSENT,0,0,ABSENT
1259720675394310144,0,0,0,0,0,ABSENT,1,0,ABSENT
1259721909379497984,0,0,0,1,0,ABSENT,1,0,ABSENT
1259724039339364355,1,0,1,0,0,ABSENT,1,0,ABSENT
1259725036673536003,0,0,0,0,1,ABSENT,1,0,ABSENT
1259725074090819584,0,0,0,0,0,ABSENT,0,1,ABSENT
1259725207155195906,0,0,0,0,0,ABSENT,0,1,ABSENT
1259725218882506755,0,0,0,0,0,ABSENT,0,1,ABSENT
1259725366127624192,0,0,0,0,0,ABSENT,0,1,ABSENT
1259725373920743426,0,0,0,0,0,ABSENT,0,1,ABSENT
1259725391905816576,0,0,0,0,1,ABSENT,0,0,ABSENT
1259725429671411712,0,0,0,0,0,ABSENT,0,1,SUPPORT
1259725462525423616,0,0,0,0,0,ABSENT,0,0,ABSENT
1259725502086025217,0,0,0,0,0,ABSENT,0,1,ABSENT
1259725510713716736,1,0,1,1,1,ISLAMOPHOBIA,1,0,ABSENT
1259725653034905601,0,0,0,0,0,ABSENT,0,0,ABSENT
1259725656058929153,0,0,0,0,0,ABSENT,0,0,ABSENT
1259725872468242432,0,0,0,0,0,ABSENT,0,1,ABSENT
1259725895100706817,0,0,0,0,0,ABSENT,0,1,ABSENT
1259726102563520512,1,0,1,0,1,MISOGYNY,1,0,ABSENT
1259727178230566913,0,0,0,1,1,ISLAMOPHOBIA,0,0,ABSENT
1259727203979407361,0,0,0,0,0,ABSENT,0,0,ABSENT
1259728953520128001,0,0,0,0,0,ABSENT,0,0,AGAINST
1259730506679271429,0,0,0,0,0,ABSENT,1,0,ABSENT
1259730530146439168,0,0,0,0,0,ABSENT,0,0,ABSENT
1259732532792381441,1,1,1,1,1,XENOPHOBIA and / or RACISM,1,0,ABSENT
1259732581974671360,0,0,0,0,0,ABSENT,0,0,ABSENT
1259733078102212609,0,0,0,0,1,ABSENT,1,0,ABSENT
1259734710168817664,0,0,0,0,0,ABSENT,0,1,ABSENT
1259735392099667968,0,0,0,0,0,ABSENT,0,1,ABSENT
1259735835240550400,0,0,0,0,0,ABSENT,0,1,ABSENT
1259737534906671105,1,0,1,0,0,ABSENT,0,0,ABSENT
1259739159381643265,1,0,0,0,0,ABSENT,1,0,ABSENT
1259739273131184130,0,0,0,0,1,ABSENT,1,0,AGAINST
1259739643085565953,0,0,0,0,0,ABSENT,1,0,SUPPORT
1259740025329254402,0,0,0,0,0,ABSENT,0,1,ABSENT
1259740030945427456,0,0,0,0,0,ABSENT,0,1,ABSENT
1259740052923564039,0,0,0,0,0,ABSENT,0,0,ABSENT
1259740117759078401,0,0,0,0,0,ABSENT,0,0,ABSENT
1259740145605115906,0,0,0,0,0,ABSENT,0,0,ABSENT
1259740157546242049,0,0,0,0,0,ABSENT,0,0,ABSENT
1259740187439050759,0,0,0,0,0,ABSENT,0,1,ABSENT
1259740235824586758,0,0,0,0,0,ABSENT,0,0,ABSENT
1259740258297618432,0,0,0,0,0,ABSENT,0,1,ABSENT
1259740261892177922,0,0,0,0,0,ABSENT,0,0,ABSENT
1259740410907439104,1,0,1,0,0,ABSENT,1,0,ABSENT
1259740424891236355,0,0,0,0,0,ABSENT,0,1,ABSENT
1259740619800547328,0,0,0,0,0,ABSENT,0,1,ABSENT
1259740975813079041,0,0,0,0,1,ABSENT,1,0,SUPPORT
1259742657103966213,1,0,1,0,1,ISLAMOPHOBIA,1,0,ABSENT
1259742715916541954,0,0,0,0,0,ABSENT,0,0,AGAINST
1259743208147468290,1,0,1,0,1,MISOGYNY,0,0,ABSENT
1259746058109956096,0,0,0,0,0,ABSENT,1,0,AGAINST
1259747371229024257,0,0,0,0,0,ABSENT,0,1,ABSENT
1259747922754916353,0,0,0,0,0,ABSENT,0,1,ABSENT
1259748441040793600,1,0,1,0,0,ABSENT,0,0,ABSENT
1259750446757023744,0,0,0,0,1,ABSENT,1,0,ABSENT
1259750690383171585,0,0,0,0,0,ABSENT,0,1,ABSENT
1259750830724526080,1,0,1,1,0,ABSENT,1,0,ABSENT
1259751271709511681,0,0,0,0,0,ABSENT,0,0,ABSENT
1259752195806937089,0,0,0,0,0,ABSENT,0,0,ABSENT
1259753386603417601,0,0,0,1,1,ISLAMOPHOBIA,0,0,SUPPORT
1259754339570257920,0,0,0,0,0,ABSENT,0,1,ABSENT
1259754778902630400,1,0,1,1,1,XENOPHOBIA and / or RACISM,1,0,ABSENT
1259755119488512000,1,0,1,0,1,ABSENT,0,0,ABSENT
1259755122248171520,0,0,0,0,0,ABSENT,0,1,ABSENT
1259755133857980416,0,0,0,0,0,ABSENT,0,0,ABSENT
1259755168775778305,0,0,0,0,0,ABSENT,0,0,AGAINST
1259755193979351047,0,0,0,0,0,ABSENT,0,1,ABSENT
1259755219744886786,0,0,0,0,0,ABSENT,0,1,ABSENT
1259755245745430528,0,0,0,0,0,ABSENT,0,1,ABSENT
1259755253492301831,0,0,0,0,0,ABSENT,0,0,ABSENT
1259755324090863616,1,0,0,0,0,ABSENT,1,0,NEUTRAL
1259755353962618880,0,0,0,0,0,ABSENT,0,0,SUPPORT
1259755364901412864,0,0,0,0,1,ABSENT,0,0,AGAINST
1259755374086848512,0,0,0,0,0,ABSENT,0,0,ABSENT
1259755402968928256,1,0,1,1,1,ISLAMOPHOBIA,0,0,ABSENT
1259755442852573184,0,0,0,0,0,ABSENT,0,0,ABSENT
1259755538222649347,0,0,0,0,0,ABSENT,0,0,AGAINST
1259755586650099712,0,0,0,0,0,ABSENT,0,1,ABSENT
1259755594396971008,0,0,0,0,0,ABSENT,0,0,ABSENT
1259755602710007809,0,0,0,0,0,ABSENT,0,1,ABSENT
1259757027309518848,0,0,0,1,1,ABSENT,1,0,SUPPORT
1259757294323142663,0,0,0,0,0,ABSENT,0,0,AGAINST
1259758637393883136,1,0,1,1,1,ISLAMOPHOBIA,1,0,SUPPORT
1259759813053091841,1,0,1,0,1,ISLAMOPHOBIA,1,0,AGAINST
1259762152770015234,1,0,1,0,0,ABSENT,1,0,ABSENT
1259762824756301825,1,0,1,0,1,ISLAMOPHOBIA,0,0,ABSENT
1259763412055269377,0,0,0,1,1,XENOPHOBIA and / or RACISM,1,0,AGAINST
1259765292118540291,0,0,0,0,0,ABSENT,1,0,SUPPORT
1259765519596638209,0,0,0,0,1,ABSENT,0,0,ABSENT
1259765657274589184,0,0,0,0,0,ABSENT,1,0,ABSENT
1259767033320878081,0,0,0,0,1,ABSENT,1,0,ABSENT
1259767387815129089,0,0,0,0,1,ABSENT,1,0,ABSENT
1259770218093719554,0,0,0,0,0,ABSENT,0,0,ABSENT
1259770252298248192,0,0,0,0,0,ABSENT,0,1,SUPPORT
1259770267011858438,0,0,0,0,0,ABSENT,0,1,ABSENT
1259770310938763266,0,0,0,0,0,ABSENT,0,1,ABSENT
1259770323156819969,0,0,0,0,0,ABSENT,0,1,ABSENT
1259770339590012929,0,0,0,0,0,ABSENT,0,0,AGAINST
1259770341657845765,0,0,0,0,0,ABSENT,0,1,ABSENT
1259770362730029056,0,0,0,0,0,ABSENT,0,1,ABSENT
1259770369155764225,0,0,0,0,0,ABSENT,0,1,ABSENT
1259770382824980480,0,0,0,0,0,ABSENT,0,0,ABSENT
1259770412528959490,1,0,1,0,1,MISOGYNY,0,0,ABSENT
1259770430879150080,0,0,0,0,0,ABSENT,0,0,NEUTRAL
1259770456934174722,0,0,0,0,0,ABSENT,0,1,ABSENT
1259770481395277830,0,0,0,0,0,ABSENT,0,0,ABSENT
1259770484624961536,0,0,0,0,0,ABSENT,0,0,ABSENT
1259770499309146112,0,0,0,0,0,ABSENT,0,1,ABSENT
1259770515293700096,0,0,0,0,0,ABSENT,0,1,ABSENT
1259770576572485632,0,0,0,0,0,ABSENT,0,1,ABSENT
1259770588291309568,0,0,0,0,0,ABSENT,0,1,ABSENT
1259770632918753281,0,0,0,0,0,ABSENT,0,1,AGAINST
1259770661033127936,0,0,0,0,0,ABSENT,0,1,SUPPORT
1259770675499278336,0,0,0,0,0,ABSENT,0,1,ABSENT
1259770734865534976,0,0,0,0,0,ABSENT,0,1,ABSENT
1259771524908810241,1,0,1,0,0,ABSENT,0,0,ABSENT
1259772891098423297,1,0,1,0,1,MISOGYNY,1,0,SUPPORT
1259773050091982849,0,0,0,0,1,ISLAMOPHOBIA,1,0,AGAINST
1259774063792226304,1,0,1,1,1,ISLAMOPHOBIA,1,0,ABSENT
1259774168645750785,1,0,1,0,1,ISLAMOPHOBIA,0,0,AGAINST
1259774210320277504,0,0,0,1,1,ISLAMOPHOBIA,1,0,SUPPORT
1259774308731191297,1,0,1,0,1,ISLAMOPHOBIA,1,0,SUPPORT
1259774371654221824,0,0,0,0,0,ABSENT,0,1,ABSENT
1259775615051464704,1,0,1,1,1,ISLAMOPHOBIA,1,0,ABSENT
1259776264648511488,0,0,0,0,0,ABSENT,0,0,ABSENT
1259776354167541762,0,0,0,0,0,ABSENT,0,0,ABSENT
1259776566017560577,1,0,1,1,0,XENOPHOBIA and / or RACISM,1,0,ABSENT
1259777709405884416,1,0,1,0,0,ABSENT,0,0,ABSENT
1259778397976383489,0,0,0,0,0,ABSENT,0,1,ABSENT
1259778522605903874,0,0,0,0,0,ABSENT,0,0,ABSENT
1259779068893036544,0,0,0,0,0,ABSENT,0,0,ABSENT
1259779289085620224,1,0,0,0,1,MISOGYNY,1,0,AGAINST
1259779313341272070,1,0,1,0,1,ISLAMOPHOBIA,1,0,ABSENT
1259779944911187968,0,0,0,1,1,XENOPHOBIA and / or RACISM,0,0,ABSENT
1259780852059381760,1,1,0,1,0,XENOPHOBIA and / or RACISM,1,0,ABSENT
1259781245153751041,0,0,0,1,0,ABSENT,1,0,ABSENT
1259781544484507648,0,0,0,0,0,ABSENT,0,1,ABSENT
1259782114872082434,0,0,0,0,0,ABSENT,0,0,ABSENT
1259783699136155650,0,0,0,0,0,ABSENT,1,0,ABSENT
1259783838110228481,0,0,0,0,0,ABSENT,0,0,ABSENT
1259785320868036609,0,0,0,0,0,ABSENT,0,1,ABSENT
1259785393291091970,0,0,0,0,0,ABSENT,0,0,ABSENT
1259785427944382464,0,0,0,0,0,ABSENT,0,1,ABSENT
1259785447104024577,0,0,0,0,0,ABSENT,0,0,ABSENT
1259785458751541248,0,0,0,0,0,ABSENT,0,1,ABSENT
1259785469056950278,0,0,0,0,0,ABSENT,0,1,ABSENT
1259785478548660225,0,0,0,0,0,ABSENT,0,1,ABSENT
1259785533527674881,0,0,0,0,0,ABSENT,0,1,ABSENT
1259785578272489475,0,0,0,0,0,ABSENT,0,1,ABSENT
1259785589890658304,0,0,0,0,0,ABSENT,0,1,ABSENT
1259785618726563846,1,1,1,0,0,ABSENT,0,0,ABSENT
1259785622660792322,0,0,0,0,0,ABSENT,0,1,ABSENT
1259785693980753925,0,0,0,0,0,ABSENT,0,0,ABSENT
1259785726394318848,0,0,0,0,0,ABSENT,0,0,ABSENT
1259785747080544256,0,0,0,0,0,ABSENT,0,1,ABSENT
1259785750087958534,0,0,0,0,0,ABSENT,0,1,ABSENT
1259785825119846403,0,0,0,0,1,ABSENT,1,0,ABSENT
1259785825715392512,0,0,0,0,0,ABSENT,0,0,SUPPORT
1259785853523591168,1,0,1,0,0,ABSENT,1,0,ABSENT
1259785857550241793,0,0,0,0,0,ABSENT,0,1,ABSENT
1259785869352935424,0,0,0,0,0,ABSENT,0,1,ABSENT
1259785993370177536,0,0,0,0,0,ABSENT,0,0,ABSENT
1259786029827006465,1,1,0,0,0,ABSENT,0,0,ABSENT
1259787402333298688,0,0,0,0,0,ABSENT,0,1,ABSENT
1259787563050635264,1,0,1,1,1,XENOPHOBIA and / or RACISM,1,0,SUPPORT
1259787575197413376,0,0,0,0,0,ABSENT,0,0,ABSENT
1259788762709667840,0,0,0,0,0,ABSENT,1,1,ABSENT
1259789898850226177,0,0,0,0,0,ABSENT,0,0,ABSENT
1259790344155250691,0,0,0,0,1,ABSENT,1,0,NEUTRAL
1259791518401015809,0,0,0,1,0,ABSENT,1,0,ABSENT
1259793353480245249,0,0,0,0,0,ABSENT,0,0,AGAINST
1259794633074319361,1,1,1,0,1,ISLAMOPHOBIA,1,0,ABSENT
1259796369646239746,0,0,0,0,1,ABSENT,1,0,ABSENT
1259798018066452480,0,0,0,0,0,ABSENT,0,0,ABSENT
1259799649063448576,0,0,0,0,0,ABSENT,0,1,ABSENT
1259800420790214656,0,0,0,0,0,ABSENT,0,0,ABSENT
1259800537698045952,0,0,0,0,0,ABSENT,0,1,ABSENT
1259800538432053248,0,0,0,0,0,ABSENT,0,1,ABSENT
1259800555351945218,0,0,0,0,0,ABSENT,0,1,ABSENT
1259800576071733250,0,0,0,0,0,ABSENT,0,1,ABSENT
1259800644845780992,0,0,0,0,1,ABSENT,1,0,ABSENT
1259800758687617024,0,0,0,0,0,ABSENT,0,1,ABSENT
1259800908826849280,0,0,0,0,0,ABSENT,0,0,ABSENT
1259800973528256512,0,0,0,0,0,ABSENT,0,0,ABSENT
1259800987478429696,0,0,0,0,0,ABSENT,0,1,ABSENT
1259801020256923649,0,0,0,0,0,ABSENT,1,0,ABSENT
1259801026602942464,0,0,0,0,0,ABSENT,0,0,ABSENT
1259801039655636994,0,0,0,0,0,ABSENT,0,1,ABSENT
1259801048329465857,0,0,0,0,0,ABSENT,0,1,ABSENT
1259801065647755264,0,0,0,0,0,ABSENT,0,0,ABSENT
1259801961219739650,0,0,0,0,0,ABSENT,0,1,ABSENT
1259802767054581761,1,0,1,1,1,ISLAMOPHOBIA,1,0,ABSENT
1259802856997126144,0,0,0,0,0,ABSENT,0,1,ABSENT
1259805407134003205,1,0,0,0,0,ABSENT,0,0,ABSENT
1259806630616739840,1,0,1,1,1,ABSENT,1,0,ABSENT
1259808503025278977,0,0,0,0,0,ABSENT,0,0,ABSENT
1259808848161972227,0,0,0,0,0,ABSENT,0,1,ABSENT
1259809330833928195,1,0,0,0,0,ABSENT,0,0,AGAINST
1259809532852744193,0,0,0,0,0,ABSENT,0,0,AGAINST
1259810982026719232,0,0,0,0,0,ABSENT,0,1,ABSENT
1259813194765402112,0,0,0,0,0,ABSENT,0,1,ABSENT
1259813219096502274,0,0,0,0,0,ABSENT,0,0,AGAINST
1259813518783778816,1,0,1,0,1,MISOGYNY,1,0,AGAINST
1259814081332158464,1,0,1,0,1,MISOGYNY,0,0,ABSENT
1259814256532508673,0,0,0,0,0,ABSENT,0,0,SUPPORT
1259815521983356928,0,0,0,0,0,ABSENT,0,1,ABSENT
1259815527981158404,0,0,0,0,0,ABSENT,0,0,ABSENT
1259815577444659202,0,0,0,0,0,ABSENT,0,1,ABSENT
1259815681442316290,0,0,0,0,0,ABSENT,0,0,ABSENT
1259815690946609153,0,0,0,0,0,ABSENT,0,0,ABSENT
1259815702413918217,0,0,0,0,1,ABSENT,0,0,ABSENT
1259815725025366017,0,0,0,0,0,ABSENT,0,0,ABSENT
1259815740707876865,0,0,0,0,0,ABSENT,0,1,AGAINST
1259815751516672001,0,0,0,0,1,ABSENT,1,0,ABSENT
1259815754796539905,0,0,0,0,0,ABSENT,0,1,SUPPORT
1259815771695394817,0,0,0,0,0,ABSENT,0,0,ABSENT
1259815881917554689,0,0,0,0,0,ABSENT,0,1,ABSENT
1259815883033194498,0,0,0,0,0,ABSENT,0,0,ABSENT
1259815910229114880,0,0,0,0,0,ABSENT,0,0,ABSENT
1259816039782719488,0,0,0,0,0,ABSENT,0,0,ABSENT
1259816061169516544,0,0,0,0,0,ABSENT,0,1,ABSENT
1259816073953763329,0,0,0,0,0,ABSENT,0,1,ABSENT
1259816092148645889,0,0,0,0,0,ABSENT,0,1,ABSENT
1259816124885106689,0,0,0,0,0,ABSENT,0,0,AGAINST
1259816188277858311,0,0,0,0,0,ABSENT,0,1,ABSENT
1259816202966315013,0,0,0,0,0,ABSENT,0,0,ABSENT
1259816317584060416,0,0,0,0,0,ABSENT,0,1,ABSENT
1259816326010462208,0,0,0,0,1,ABSENT,0,0,ABSENT
1259816335007154178,0,0,0,0,0,ABSENT,0,0,ABSENT
1259816437457264641,0,0,0,0,0,ABSENT,0,0,ABSENT
1259817863533285376,0,0,0,1,1,ABSENT,0,0,ABSENT
1259818656952922113,0,0,0,0,0,ABSENT,1,0,SUPPORT
1259821311972593666,0,0,0,0,0,ABSENT,0,0,NEUTRAL
1259822010282258432,0,0,0,0,0,ABSENT,0,0,ABSENT
1259822091337191427,1,0,1,1,1,ISLAMOPHOBIA,1,0,SUPPORT
1259822446766632960,0,0,0,0,0,ABSENT,0,1,ABSENT
1259822970765271042,0,0,0,1,1,ISLAMOPHOBIA,0,0,ABSENT
1259823581430714371,1,0,0,0,1,ABSENT,1,0,ABSENT
1259825361220784128,1,0,1,0,1,ISLAMOPHOBIA,1,0,ABSENT
1259825436735004672,0,0,0,0,0,ABSENT,0,1,ABSENT
1259826713208541184,0,0,0,0,0,ABSENT,0,0,NEUTRAL
1259826997007654914,0,0,0,0,0,ABSENT,0,0,ABSENT
1259827380761346049,0,0,0,0,0,ABSENT,0,1,ABSENT
1259827587678953474,0,0,0,0,0,ABSENT,0,0,SUPPORT
1259829912573227008,0,0,0,0,0,ABSENT,0,1,ABSENT
1259830615991414785,0,0,0,0,0,ABSENT,0,1,ABSENT
1259830646370971649,0,0,0,0,0,ABSENT,0,1,ABSENT
1259830681397534720,0,0,0,0,0,ABSENT,0,1,ABSENT
1259830682970398720,0,0,0,0,0,ABSENT,0,0,SUPPORT
1259830695309963264,1,0,1,0,0,ABSENT,1,0,ABSENT
1259830700196409344,0,0,0,0,0,ABSENT,0,1,ABSENT
1259830805825753088,0,0,0,0,0,ABSENT,0,1,ABSENT
1259830839090823168,0,0,0,0,0,ABSENT,0,0,ABSENT
1259830884565495810,0,0,0,0,0,ABSENT,0,0,ABSENT
1259830975208607744,0,0,0,0,0,ABSENT,0,0,ABSENT
1259831027708694530,0,0,0,0,0,ABSENT,0,1,ABSENT
1259831044192317440,0,0,0,0,0,ABSENT,0,0,ABSENT
1259831048608911360,0,0,0,0,0,ABSENT,0,1,ABSENT
1259831082557546503,0,0,0,0,0,ABSENT,0,0,ABSENT
1259831684977098753,0,0,0,1,0,ABSENT,1,0,ABSENT
1259832056856666114,0,0,0,0,0,ABSENT,0,1,ABSENT
1259832819624423424,1,0,1,0,1,MISOGYNY,1,0,ABSENT
1259833271137042433,1,1,1,0,0,ABSENT,1,0,ABSENT
1259835617845882882,1,0,1,0,1,ABSENT,1,0,SUPPORT
1259836402981908480,0,0,0,0,0,ABSENT,0,1,ABSENT
1259836644447920129,0,0,0,0,0,ABSENT,0,0,ABSENT
1259837117154439169,0,0,0,0,1,ABSENT,0,0,ABSENT
1259837291352272899,0,0,0,0,0,ABSENT,1,0,ABSENT
1259840707898023942,1,0,1,0,1,ABSENT,1,0,ABSENT
1259841698684973057,0,0,0,0,0,ABSENT,0,1,ABSENT
1259844858447003648,0,0,0,0,1,ABSENT,0,0,ABSENT
1259845563555745800,0,0,0,0,0,ABSENT,0,1,ABSENT
1259845713762058242,0,0,0,0,0,ABSENT,0,0,ABSENT
1259845757290655746,0,0,0,0,0,ABSENT,0,1,SUPPORT
1259845762625789952,0,0,0,0,0,ABSENT,0,0,ABSENT
1259845798143184896,0,0,0,0,0,ABSENT,0,0,ABSENT
1259845838945296391,0,0,0,0,0,ABSENT,0,1,ABSENT
1259845899154599938,0,0,0,0,0,ABSENT,0,0,ABSENT
1259845957082103810,0,0,0,0,0,ABSENT,0,0,ABSENT
1259846024987840515,0,0,0,0,0,ABSENT,0,0,ABSENT
1259846030625058826,0,0,0,0,0,ABSENT,0,1,SUPPORT
1259846068398931971,0,0,0,0,0,ABSENT,0,1,ABSENT
1259846070311493634,0,0,0,0,0,ABSENT,0,1,ABSENT
1259846096324636675,1,0,1,1,1,MISOGYNY,1,0,SUPPORT
1259846116088123393,0,0,0,0,0,ABSENT,0,1,ABSENT
1259846213593112580,0,0,0,0,1,ABSENT,0,0,ABSENT
1259846343276855301,0,0,0,0,0,ABSENT,0,0,ABSENT
1259847276912091143,1,0,0,1,1,MISOGYNY,0,0,SUPPORT
1259848058130530305,0,0,0,0,0,ABSENT,1,0,ABSENT
1259849737261514752,0,0,0,0,0,ABSENT,0,0,ABSENT
1259851442178883585,1,0,1,0,1,MISOGYNY,1,0,ABSENT
1259851979637043202,0,0,0,1,0,MISOGYNY,0,0,AGAINST
1259854403315683336,1,1,1,0,1,ISLAMOPHOBIA,1,0,SUPPORT
1259854869541855234,1,0,1,0,0,ABSENT,1,0,ABSENT
1259855262707572738,1,0,1,1,1,ISLAMOPHOBIA,1,0,AGAINST
1259855522926395393,0,0,0,0,1,ABSENT,1,0,SUPPORT
1259855992587800578,0,0,0,0,0,ABSENT,0,1,SUPPORT
1259857655566405633,0,0,0,1,0,ABSENT,0,0,ABSENT
1259858520104669185,0,0,0,0,0,ABSENT,0,0,ABSENT
1259860136753053703,0,0,0,0,1,ABSENT,1,0,ABSENT
1259860616749162496,1,0,1,0,0,ABSENT,0,0,SUPPORT
1259860835603820545,0,0,0,0,0,ABSENT,0,0,ABSENT
1259860844638351361,0,0,0,0,0,ABSENT,0,1,ABSENT
1259860875822972928,0,0,0,0,0,ABSENT,0,0,ABSENT
1259860896047935489,0,0,0,0,0,ABSENT,0,1,ABSENT
1259860903786397696,1,1,1,1,1,ISLAMOPHOBIA,0,0,ABSENT
1259860962066268168,0,0,0,0,0,ABSENT,0,1,ABSENT
1259860995230531586,0,0,0,0,0,ABSENT,0,1,ABSENT
1259861011408064513,1,0,1,0,1,MISOGYNY,1,0,ABSENT
1259861075576717317,0,0,0,0,0,ABSENT,0,0,ABSENT
1259861101539405827,1,0,1,1,1,MISOGYNY,1,0,AGAINST
1259861132300468224,0,0,0,0,0,ABSENT,0,0,ABSENT
1259865861613146113,1,0,0,0,1,ABSENT,1,0,ABSENT
1259866294654042113,0,0,0,0,0,ABSENT,0,0,ABSENT
1259866394751127552,0,0,0,0,0,ABSENT,0,1,ABSENT
1259867510180065297,0,0,0,0,0,ABSENT,0,0,ABSENT
1259868123332820993,0,0,0,0,0,ABSENT,0,0,ABSENT
1259869570577416193,0,0,0,0,0,ABSENT,0,1,ABSENT
1259869581667164160,0,0,0,1,0,ABSENT,1,0,AGAINST
1259871392587288578,0,0,0,0,1,ABSENT,1,0,ABSENT
1259871834037772288,0,0,0,0,1,ABSENT,1,1,AGAINST
1259872233297719296,0,0,0,0,0,ABSENT,0,0,ABSENT
1259872720076054528,1,1,1,0,0,ABSENT,0,0,ABSENT
1259873113262755841,0,0,0,0,0,ABSENT,0,1,ABSENT
1259875917872033793,0,0,0,0,0,ABSENT,0,1,ABSENT
1259875941611954184,0,0,0,0,0,ABSENT,0,1,ABSENT
1259875976462381057,0,0,0,0,0,ABSENT,0,1,ABSENT
1259875978219859968,0,0,0,0,0,ABSENT,0,1,SUPPORT
1259876000890052608,0,0,0,0,0,ABSENT,1,0,ABSENT
1259876018602618883,0,0,0,0,0,ABSENT,1,1,ABSENT
1259876024503939073,0,0,0,0,0,ABSENT,1,0,ABSENT
1259876025380614150,0,0,0,0,0,ABSENT,0,1,ABSENT
1259876098067881986,0,0,0,0,0,ABSENT,0,0,ABSENT
1259876133161635841,0,0,0,1,1,ISLAMOPHOBIA,1,0,ABSENT
1259876134457675778,1,0,1,0,0,ABSENT,1,0,ABSENT
1259876147665330176,0,0,0,0,0,ABSENT,0,0,ABSENT
1259876154208649218,1,0,1,0,0,ABSENT,1,0,ABSENT
1259876188257910789,0,0,0,0,0,ABSENT,0,0,ABSENT
1259876197011464196,0,0,0,0,0,ABSENT,0,1,ABSENT
1259876249276690432,0,0,0,0,0,ABSENT,0,1,ABSENT
1259876253051564033,0,0,0,0,0,ABSENT,0,1,ABSENT
1259876269245825024,0,0,0,0,0,ABSENT,1,0,ABSENT
1259877038946729986,0,0,0,0,0,ABSENT,0,0,ABSENT
1259881551212482565,1,0,0,0,1,MISOGYNY,0,0,ABSENT
1259881570900545542,0,0,0,0,0,ABSENT,0,0,ABSENT
1259883919467560965,0,0,0,0,0,ABSENT,0,0,ABSENT
1259884344916746249,0,0,0,0,0,ABSENT,0,1,ABSENT
1259885922495213569,0,0,0,0,0,ABSENT,0,1,ABSENT
1259885979441168384,0,0,0,0,1,ABSENT,1,0,ABSENT
1259888728773885956,0,0,0,0,0,ABSENT,1,0,SUPPORT
1259888853034336262,0,0,0,0,1,ABSENT,0,0,AGAINST
1259889163064823814,1,0,1,0,1,ISLAMOPHOBIA,0,0,ABSENT
1259890040026599431,0,0,0,0,1,ABSENT,1,0,ABSENT
1259891027055382532,0,0,0,0,1,ABSENT,0,0,ABSENT
1259891104503259136,1,0,1,0,1,MISOGYNY,1,0,SUPPORT
1259891213181898753,0,0,0,0,0,ABSENT,0,1,ABSENT
1259891237827555329,0,0,0,0,0,ABSENT,0,1,ABSENT
1259891304567377924,0,0,0,0,0,ABSENT,0,0,ABSENT
1259891365737046017,0,0,0,0,0,ABSENT,0,1,ABSENT
1259891372376690690,0,0,0,0,0,ABSENT,0,0,ABSENT
1259891385026646017,0,0,0,0,0,ABSENT,0,1,ABSENT
1259891389200031744,0,0,0,0,0,ABSENT,0,1,ABSENT
1259891400625262593,0,0,0,0,0,ABSENT,0,0,ABSENT
1259891404022710273,0,0,0,0,0,ABSENT,0,1,ABSENT
1259891417377275915,0,0,0,0,0,ABSENT,0,0,NEUTRAL
1259891417687695363,1,0,0,0,0,ABSENT,1,0,ABSENT
1259891426936131586,0,0,0,0,0,ABSENT,0,0,ABSENT
1259891434834010114,0,0,0,0,0,ABSENT,0,1,ABSENT
1259891439351279616,0,0,0,0,0,ABSENT,0,1,ABSENT
1259891522356547584,0,0,0,0,0,ABSENT,0,1,ABSENT
1259891551993561090,0,0,0,0,0,ABSENT,0,0,ABSENT
1259891568812720130,0,0,0,0,0,ABSENT,0,0,AGAINST
1259892109047484416,0,0,0,0,0,ABSENT,0,0,ABSENT
1259894067091161088,1,0,1,0,1,ISLAMOPHOBIA,1,0,SUPPORT
1259895022494908421,0,0,0,0,0,ABSENT,1,0,ABSENT
1259895503506071552,1,0,1,1,1,ISLAMOPHOBIA,1,0,SUPPORT
1259896956819853312,0,0,0,0,1,ABSENT,1,0,ABSENT
1259897407933943809,0,0,0,0,1,ABSENT,0,0,ABSENT
1259897574942806024,0,0,0,0,0,ABSENT,0,1,ABSENT
1259900084436766721,0,0,0,0,0,ABSENT,1,0,SUPPORT
1259901725718335488,0,0,0,0,0,ABSENT,0,0,ABSENT
1259901943792664583,1,0,1,0,0,ABSENT,1,0,ABSENT
1259902164052344832,1,0,1,0,0,ABSENT,1,0,ABSENT
1259902170943586304,1,0,1,0,1,ISLAMOPHOBIA,1,0,ABSENT
1259902590629879808,0,0,0,0,1,ISLAMOPHOBIA,1,0,AGAINST
1259904099321085953,0,0,0,0,1,ABSENT,0,0,ABSENT
1259906237052997632,0,0,0,0,0,ABSENT,0,1,ABSENT
1259906349464420355,0,0,0,0,0,ABSENT,0,1,ABSENT
1259906380229722112,0,0,0,0,0,ABSENT,0,0,ABSENT
1259906455425163264,0,0,0,0,0,ABSENT,1,0,ABSENT
1259906475885047809,0,0,0,0,0,ABSENT,0,1,ABSENT
1259906590976757761,1,1,1,1,1,MISOGYNY,0,0,ABSENT
1259906639693524995,0,0,0,0,0,ABSENT,0,0,ABSENT
1259907501035786243,1,0,1,0,1,ISLAMOPHOBIA,1,0,ABSENT
1259907868482064384,0,0,0,0,0,ABSENT,0,1,ABSENT
1259908033678921730,0,0,0,0,0,ABSENT,0,1,ABSENT
1259908270275342337,1,0,1,0,1,ABSENT,1,0,ABSENT
1259910667026477056,0,0,0,1,1,ISLAMOPHOBIA,0,0,ABSENT
1259912332123279365,1,0,0,0,0,ABSENT,1,0,ABSENT
1259912415443144711,0,0,0,0,0,ABSENT,0,0,ABSENT
1259913225484873728,0,0,0,0,0,ABSENT,0,0,ABSENT
1259918316556165120,0,0,0,0,0,ABSENT,0,1,SUPPORT
1259919297297756162,0,0,0,0,0,ABSENT,0,0,ABSENT
1259920395714670599,0,0,0,0,0,ABSENT,0,0,NEUTRAL
1259920848204554240,0,0,0,0,0,ABSENT,0,0,ABSENT
1259921211187965953,0,0,0,0,0,ABSENT,0,0,ABSENT
1259921252304781323,0,0,0,0,0,ABSENT,0,0,ABSENT
1259921321628184580,0,0,0,0,0,ABSENT,0,1,ABSENT
1259921327823126531,0,0,0,0,0,ABSENT,0,1,AGAINST
1259921376653258753,0,0,0,0,0,ABSENT,0,0,ABSENT
1259921381451595776,0,0,0,0,0,ABSENT,0,1,ABSENT
1259921410434179073,1,0,0,0,1,ISLAMOPHOBIA,0,0,ABSENT
1259921416025243648,0,0,0,0,0,ABSENT,0,0,ABSENT
1259921419447808000,0,0,0,0,0,ABSENT,0,0,ABSENT
1259921422262120449,0,0,0,0,0,ABSENT,0,1,ABSENT
1259921431946821634,0,0,0,0,0,ABSENT,0,0,ABSENT
1259921445964169226,0,0,0,1,1,ISLAMOPHOBIA,1,0,ABSENT
1259921492898451457,0,0,0,0,0,ABSENT,0,1,ABSENT
1259921694539624459,1,0,1,0,0,ABSENT,1,0,ABSENT
1259921701036535810,0,0,0,0,0,ABSENT,0,0,ABSENT
1259921708326273025,0,0,0,0,0,ABSENT,0,0,ABSENT
1259921724163981318,0,0,0,0,0,ABSENT,0,1,ABSENT
1259921755784740864,0,0,0,0,0,ABSENT,0,0,ABSENT
1259921844360142848,0,0,0,0,0,ABSENT,0,1,ABSENT
1259921863221927941,0,0,0,0,0,ABSENT,0,1,ABSENT
1259921866149564417,0,0,0,0,0,ABSENT,0,0,AGAINST
1259921913717104640,0,0,0,0,0,ABSENT,0,0,ABSENT
1259921933157752832,0,0,0,0,0,ABSENT,0,0,ABSENT
1259922522105171968,0,0,0,0,0,ABSENT,0,1,ABSENT
1259923231852675076,1,0,1,0,0,ABSENT,1,0,ABSENT
1259923436509564935,1,1,0,1,0,MISOGYNY,1,0,ABSENT
1259923902437961734,0,0,0,0,0,ABSENT,1,0,ABSENT
1259923976425549824,1,0,1,0,0,ABSENT,1,0,SUPPORT
1259923982972829698,1,0,1,0,0,ABSENT,1,0,ABSENT
1259924013830361090,1,0,1,0,1,MISOGYNY,1,0,ABSENT
1259924517956325377,1,0,1,0,1,ABSENT,1,0,ABSENT
1259925095667191809,0,0,0,0,0,ABSENT,1,0,ABSENT
1259925526510211078,0,0,0,0,0,ABSENT,1,0,ABSENT
1259925544663166984,0,0,0,0,0,ABSENT,0,0,AGAINST
1259925644152057857,0,0,0,1,1,ABSENT,1,0,ABSENT
1259926924916338690,1,0,1,0,0,ABSENT,1,0,ABSENT
1259930241566486533,0,0,0,0,0,ABSENT,0,1,ABSENT
1259930652872527874,1,0,1,0,1,MISOGYNY,1,0,ABSENT
1259931640664645643,0,0,0,0,0,ABSENT,0,1,ABSENT
1259933584141570048,0,0,0,0,0,ABSENT,0,0,ABSENT
1259934274423308288,1,0,1,0,1,ISLAMOPHOBIA,1,0,ABSENT
1259934542615457794,1,0,1,0,1,ISLAMOPHOBIA,1,1,ABSENT
1259935252430151683,0,0,0,0,0,ABSENT,0,0,ABSENT
1259935843927625729,0,0,0,0,0,ABSENT,0,1,ABSENT
1259936323986735106,1,0,1,0,0,ABSENT,1,0,ABSENT
1259936340285829124,0,0,0,0,0,ABSENT,0,0,ABSENT
1259936362834378753,0,0,0,0,0,ABSENT,0,0,ABSENT
1259936394270605312,0,0,0,0,0,ABSENT,0,0,ABSENT
1259936451564797952,0,0,0,0,0,ABSENT,0,0,ABSENT
1259936464000991237,0,0,0,0,0,ABSENT,0,0,AGAINST
1259936514408054785,1,0,1,0,1,ISLAMOPHOBIA,1,0,SUPPORT
1259936517272801283,0,0,0,1,1,XENOPHOBIA and / or RACISM,1,0,ABSENT
1259936543684386816,0,0,0,0,0,ABSENT,0,0,NEUTRAL
1259936544498081793,0,0,0,0,0,ABSENT,0,1,ABSENT
1259936558922285056,0,0,0,0,1,ABSENT,1,0,ABSENT
1259936569055686656,0,0,0,0,0,ABSENT,0,0,ABSENT
1259936578065051653,0,0,0,0,0,ABSENT,0,0,ABSENT
1259936587158368257,0,0,0,0,0,ABSENT,0,0,ABSENT
1259936631836073988,0,0,0,0,0,ABSENT,0,0,ABSENT
1259936692661821448,1,0,1,0,1,MISOGYNY,1,0,ABSENT
1259936742154604546,0,0,0,0,0,ABSENT,0,1,ABSENT
1259936801751543808,0,0,0,0,0,ABSENT,0,1,ABSENT
1259936943036563459,0,0,0,0,1,ABSENT,1,0,ABSENT
1259937321434185732,0,0,0,0,0,ABSENT,0,1,ABSENT
1259938647496892416,1,0,1,0,0,ABSENT,1,0,ABSENT
1259939041832730625,0,0,0,0,0,ABSENT,0,0,ABSENT
1259939279586955266,1,1,1,0,1,ABSENT,0,0,ABSENT
1259939971991064576,0,0,0,0,1,ISLAMOPHOBIA,1,0,AGAINST
1259940447729987586,1,0,1,0,0,ABSENT,1,0,ABSENT
1259941611447910406,0,0,0,0,0,ABSENT,1,0,ABSENT
1259943429871734784,1,0,1,0,1,MISOGYNY,1,0,ABSENT
1259944015987970050,0,0,0,0,0,ABSENT,0,0,ABSENT
1259946303301263361,0,0,0,0,0,ABSENT,0,0,ABSENT
1259947151410503686,0,0,0,0,0,ABSENT,0,0,ABSENT
1259947899284344832,1,1,1,0,0,ABSENT,1,0,ABSENT
1259948706679439360,0,0,0,0,1,ABSENT,1,0,ABSENT
1259949129846964227,0,0,0,0,0,ABSENT,0,0,ABSENT
1259951431232163842,0,0,0,1,1,ISLAMOPHOBIA,1,0,SUPPORT
1259951461951320064,0,0,0,0,0,ABSENT,0,1,ABSENT
1259951480150331393,1,0,1,0,1,ABSENT,1,0,SUPPORT
1259951531710918656,0,0,0,0,0,ABSENT,0,0,ABSENT
1259951586278858754,0,0,0,0,0,ABSENT,0,0,ABSENT
1259951614951075842,0,0,0,0,0,ABSENT,0,1,ABSENT
1259951622744129539,0,0,0,0,0,ABSENT,0,0,ABSENT
1259951640137871363,0,0,0,0,0,ABSENT,0,1,ABSENT
1259951648694251520,0,0,0,0,0,ABSENT,0,0,ABSENT
1259951679736352770,1,0,1,0,1,MISOGYNY,1,0,ABSENT
1259951708278530049,0,0,0,1,0,ABSENT,1,0,SUPPORT
1259953871864180738,0,0,0,1,0,ABSENT,0,0,ABSENT
1259956974948683776,0,0,0,0,0,ABSENT,0,0,AGAINST
1259957722503667716,0,0,0,1,0,ABSENT,1,0,SUPPORT
1259958100204949506,1,0,1,0,1,ABSENT,0,0,SUPPORT
1259958253175349260,0,0,0,0,1,ABSENT,0,0,ABSENT
1259965670764228608,0,0,0,0,0,ABSENT,0,0,SUPPORT
1259966060180185094,0,0,0,0,0,ABSENT,0,0,ABSENT
1259966565774249984,0,0,0,0,0,ABSENT,0,0,ABSENT
1259974096156327936,0,0,0,1,0,ABSENT,0,0,ABSENT
1259978437382615043,1,0,1,0,1,ISLAMOPHOBIA,1,0,ABSENT
1259985397796540417,0,0,0,0,0,ABSENT,0,1,ABSENT
1259990255916244995,0,0,0,0,0,ABSENT,0,1,ABSENT
1259997039968096266,0,0,0,0,0,ABSENT,0,0,ABSENT
1259997582962692099,1,0,1,0,0,ABSENT,1,0,ABSENT
1260029773285191680,0,0,0,0,0,ABSENT,0,0,ABSENT
1260042308910751744,0,0,0,0,0,ABSENT,0,0,ABSENT
1260057333113196544,0,0,0,0,0,ABSENT,0,1,ABSENT
1260057502068154371,0,0,0,0,0,ABSENT,0,1,AGAINST
1260057955875131393,0,0,0,0,0,ABSENT,0,1,ABSENT
1260058364303769605,0,0,0,0,0,ABSENT,0,0,ABSENT
1260058504003534850,0,0,0,0,1,ABSENT,1,0,AGAINST
1260062295956369408,0,0,0,0,0,ABSENT,0,0,ABSENT
1260072209390936067,0,0,0,0,0,ABSENT,0,1,ABSENT
1260072210917548032,0,0,0,0,0,ABSENT,0,0,ABSENT
1260072236393861121,0,0,0,0,0,ABSENT,0,0,ABSENT
1260072388278059018,0,0,0,0,0,ABSENT,0,0,ABSENT
1260072717488918533,1,0,1,0,0,ABSENT,0,0,ABSENT
1260074715181391873,0,0,0,0,0,ABSENT,0,0,ABSENT
1260076178775445505,1,0,0,0,1,ISLAMOPHOBIA,1,0,AGAINST
1260080373264011264,1,0,1,0,0,ABSENT,1,0,ABSENT
1260083348116049923,0,0,0,1,1,XENOPHOBIA and / or RACISM,1,0,ABSENT
1260087378171092995,0,0,0,0,0,ABSENT,0,0,ABSENT
1260087463944556545,0,0,0,0,0,ABSENT,0,1,AGAINST
1260087592718086144,1,0,1,1,1,ISLAMOPHOBIA,1,0,ABSENT
1260087638461218817,1,0,1,0,1,ISLAMOPHOBIA,1,0,ABSENT
1260087656123432960,1,0,1,0,1,ABSENT,1,0,ABSENT
1260087814735224840,1,0,1,0,1,ISLAMOPHOBIA,1,0,ABSENT
1260087850365784066,0,0,0,0,0,ABSENT,0,1,ABSENT
1260087868686569473,0,0,0,0,0,ABSENT,0,1,ABSENT
1260088298921394176,0,0,0,0,0,ABSENT,1,0,ABSENT
1260091829418147841,0,0,0,0,0,ABSENT,0,1,ABSENT
1260092874345021440,0,0,0,0,0,ABSENT,0,1,AGAINST
1260098708420640768,0,0,0,0,0,ABSENT,0,0,ABSENT
1260100151588409344,1,0,0,0,0,ABSENT,0,0,AGAINST
1260101713119322114,0,0,0,0,1,ISLAMOPHOBIA,1,0,ABSENT
1260102491808595968,0,0,0,0,0,ABSENT,0,1,ABSENT
1260102496653127680,0,0,0,0,0,ABSENT,0,0,ABSENT
1260102545684328449,0,0,0,0,0,ABSENT,0,0,ABSENT
1260103673033695232,0,0,0,0,0,ABSENT,0,1,SUPPORT
1260106606328590336,0,0,0,1,1,ABSENT,1,0,AGAINST
1260106687874244615,0,0,0,0,0,ABSENT,1,0,AGAINST
1260106931022290947,0,0,0,0,0,ABSENT,0,1,AGAINST
1260107283427622912,0,0,0,0,0,ABSENT,0,0,ABSENT
1260109804065914880,1,0,1,0,1,ABSENT,1,0,AGAINST
1260110789937172481,0,0,0,0,1,ABSENT,1,0,ABSENT
1260111012239458304,0,0,0,0,0,ABSENT,0,1,ABSENT
1260115892819673091,0,0,0,0,1,ABSENT,1,0,ABSENT
1260117023725674498,0,0,0,0,0,ABSENT,1,0,SUPPORT
1260117510101368833,0,0,0,0,0,ABSENT,0,1,ABSENT
1260117537502740480,0,0,0,0,0,ABSENT,0,0,ABSENT
1260117604456378376,0,0,0,0,0,ABSENT,0,1,ABSENT
1260117621564899328,0,0,0,0,0,ABSENT,0,0,ABSENT
1260117631266422785,0,0,0,0,0,ABSENT,0,1,ABSENT
1260117802511466496,0,0,0,0,0,ABSENT,0,0,AGAINST
1260117815903891456,0,0,0,0,0,ABSENT,0,0,ABSENT
1260117841979879424,0,0,0,0,1,ABSENT,0,0,ABSENT
1260117852893450240,0,0,0,0,0,ABSENT,0,0,ABSENT
1260117925442326529,0,0,0,0,0,ABSENT,0,0,ABSENT
1260120762121424902,0,0,0,0,0,ABSENT,0,0,ABSENT
1260120974122418176,1,0,1,0,1,ISLAMOPHOBIA,1,0,ABSENT
1260126148324921344,0,0,0,0,0,ABSENT,0,0,ABSENT
1260126440428908546,0,0,0,0,1,ABSENT,0,0,AGAINST
1260128923758800896,1,0,1,0,0,ABSENT,1,0,ABSENT
1260129490660986880,0,0,0,0,1,ABSENT,1,0,ABSENT
1260131844328218624,0,0,0,0,1,ABSENT,1,0,ABSENT
1260131848325398530,0,0,0,0,0,ABSENT,0,0,ABSENT
1260132608584765441,1,0,0,0,0,ABSENT,1,0,ABSENT
1260132621830565888,0,0,0,0,0,ABSENT,0,1,ABSENT
1260132749811343360,0,0,0,0,0,ABSENT,0,0,ABSENT
1260132795378216960,0,0,0,0,0,ABSENT,0,0,ABSENT
1260132841188405257,0,0,0,0,0,ABSENT,0,0,ABSENT
1260132925938569216,0,0,0,0,0,ABSENT,0,0,ABSENT
1260133437559771138,0,0,0,0,1,ABSENT,1,0,ABSENT
1260135386254360578,0,0,0,0,0,ABSENT,0,0,ABSENT
1260138384821030912,0,0,0,0,1,ABSENT,1,0,ABSENT
1260139689786388480,0,0,0,0,0,ABSENT,0,0,ABSENT
1260141413871861760,0,0,0,0,0,ABSENT,0,0,ABSENT
1260142776672534533,0,0,0,0,0,ABSENT,0,0,ABSENT
1260143494506708992,0,0,0,0,0,ABSENT,0,0,ABSENT
1260144191792955392,0,0,0,0,0,ABSENT,0,0,ABSENT
1260146898008227840,1,0,1,0,1,ISLAMOPHOBIA,1,0,ABSENT
1260147706044928000,0,0,0,0,0,ABSENT,0,0,ABSENT
1260147710432182279,0,0,0,0,0,ABSENT,0,1,ABSENT
1260147844016562178,0,0,0,0,0,ABSENT,0,0,ABSENT
1260147860764610561,1,0,1,1,1,XENOPHOBIA and / or RACISM,1,0,AGAINST
1260147931652521984,0,0,0,1,0,ABSENT,1,0,ABSENT
1260147955979489280,0,0,0,0,0,ABSENT,0,0,ABSENT
1260147993438826497,0,0,0,0,0,ABSENT,0,0,ABSENT
1260148002880184322,1,0,1,0,0,ABSENT,0,0,ABSENT
1260148007191838720,0,0,0,0,0,ABSENT,0,0,ABSENT
1260148248376946694,0,0,0,0,0,ABSENT,0,0,ABSENT
1260150599846449152,0,0,0,0,0,ABSENT,0,0,ABSENT
1260152521810731010,0,0,0,0,0,ABSENT,1,0,ABSENT
1260154622829826048,0,0,0,0,0,ABSENT,0,1,ABSENT
1260157319377301510,0,0,0,0,0,ABSENT,1,0,ABSENT
1260158000670670848,0,0,0,0,0,ABSENT,0,0,ABSENT
1260159108243763200,0,0,0,0,0,ABSENT,0,0,SUPPORT
1260160845964881920,0,0,0,0,0,ABSENT,0,0,SUPPORT
1260161441958694912,0,0,0,0,0,ABSENT,0,0,ABSENT
1260162917619716096,0,0,0,0,0,ABSENT,0,0,ABSENT
1260162923328090112,0,0,0,0,0,ABSENT,0,1,ABSENT
1260162928776445953,0,0,0,0,0,ABSENT,0,0,ABSENT
1260162934480744448,0,0,0,0,0,ABSENT,0,1,ABSENT
1260163014789074950,0,0,0,0,0,ABSENT,0,0,SUPPORT
1260163101523091459,0,0,0,0,0,ABSENT,0,0,ABSENT
1260164426587570176,0,0,0,0,0,ABSENT,0,1,ABSENT
1260164564764721154,1,0,1,1,1,MISOGYNY,1,0,SUPPORT
1260164971394142209,0,0,0,0,0,ABSENT,0,1,ABSENT
1260165266689982464,0,0,0,0,0,ABSENT,0,1,NEUTRAL
1260168770640896000,0,0,0,0,0,ABSENT,0,0,ABSENT
1260170139040919554,0,0,0,0,0,ABSENT,1,0,ABSENT
1260173418399481857,0,0,0,0,0,ABSENT,0,0,ABSENT
1260174316026675200,0,0,0,0,0,ABSENT,0,0,ABSENT
1260176002107543552,0,0,0,0,0,ABSENT,0,0,ABSENT
1260177907462406151,0,0,0,0,0,ABSENT,0,1,ABSENT
1260177939167170561,0,0,0,0,0,ABSENT,0,1,ABSENT
1260177953926909953,0,0,0,0,0,ABSENT,0,1,ABSENT
1260177960012853249,0,0,0,0,0,ABSENT,0,1,ABSENT
1260178004816334848,0,0,0,0,0,ABSENT,0,1,ABSENT
1260178008398323713,0,0,0,0,0,ABSENT,0,0,ABSENT
1260178013196554240,0,0,0,0,0,ABSENT,0,1,ABSENT
1260178085871325189,0,0,0,1,0,ABSENT,0,1,ABSENT
1260178615272124427,0,0,0,0,0,ABSENT,0,1,ABSENT
1260183034973782017,1,0,1,0,1,ISLAMOPHOBIA,1,0,ABSENT
1260183468086120455,0,0,0,0,0,ABSENT,0,0,ABSENT
1260184890290692098,0,0,0,0,0,ABSENT,0,0,ABSENT
1260186005912653824,1,0,0,0,0,ABSENT,0,0,ABSENT
1260188411819970560,0,0,0,0,0,ABSENT,1,0,ABSENT
1260189676243165192,0,0,0,0,0,ABSENT,0,0,ABSENT
1260192863419277314,0,0,0,0,0,ABSENT,0,1,ABSENT
1260193008970055681,0,0,0,0,0,ABSENT,0,0,ABSENT
1260193145691811840,0,0,0,0,0,ABSENT,0,1,AGAINST
1260193172241686530,1,0,1,1,1,XENOPHOBIA and / or RACISM,0,1,ABSENT
1260193781623603206,0,0,0,0,0,ABSENT,0,0,ABSENT
1260193993603919873,0,0,0,0,0,ABSENT,0,0,ABSENT
1260193996594458626,0,0,0,0,0,ABSENT,0,0,ABSENT
1260194079402602496,0,0,0,0,0,ABSENT,0,0,ABSENT
1260194159966785536,0,0,0,0,0,ABSENT,0,0,ABSENT
1260194289214197766,0,0,0,0,0,ABSENT,0,1,SUPPORT
1260194530323845122,0,0,0,0,0,ABSENT,0,1,ABSENT
1260195333763665920,0,0,0,0,0,ABSENT,0,0,ABSENT
1260196141695631362,0,0,0,0,0,ABSENT,0,0,ABSENT
1260197108927418368,1,1,1,1,1,ISLAMOPHOBIA,1,0,ABSENT
1260197785569243137,0,0,0,0,0,ABSENT,0,1,ABSENT
1260200415129407491,0,0,0,0,1,ABSENT,1,0,AGAINST
1260201267600723969,1,0,1,0,0,ABSENT,1,0,ABSENT
1260203340299997184,1,0,1,0,1,ISLAMOPHOBIA,1,0,ABSENT
1260204470643949569,0,0,0,0,1,ABSENT,1,0,ABSENT
1260205120148713472,1,0,1,0,1,ABSENT,1,0,AGAINST
1260205554347184129,0,0,0,0,1,ABSENT,0,0,AGAINST
1260206661861609478,0,0,0,0,0,ABSENT,0,0,ABSENT
1260206669017034754,1,0,1,0,0,ABSENT,0,0,ABSENT
1260208116886634499,0,0,0,0,0,ABSENT,0,1,ABSENT
1260208123823960066,0,0,0,0,0,ABSENT,0,0,ABSENT
1260208566507581440,1,1,1,1,1,MISOGYNY,1,0,ABSENT
1260208568327974914,0,0,0,0,0,ABSENT,0,1,ABSENT
1260208607997693952,0,0,0,0,0,ABSENT,0,0,ABSENT
1260209883993030657,1,0,1,1,0,ABSENT,1,0,AGAINST
1260212321680580609,0,0,0,0,0,ABSENT,0,0,ABSENT
1260214774152826881,0,0,0,0,0,ABSENT,0,0,AGAINST
1260217188809613312,1,0,1,0,1,ISLAMOPHOBIA,1,0,ABSENT
1260218927910658051,0,0,0,0,0,ABSENT,1,1,ABSENT
1260218937154945024,0,0,0,0,0,ABSENT,0,0,ABSENT
1260221451430395906,0,0,0,1,0,ABSENT,1,0,AGAINST
1260222534580162561,1,0,0,1,1,XENOPHOBIA and / or RACISM,1,0,ABSENT
1260223203781365769,0,0,0,0,0,ABSENT,0,1,ABSENT
1260223219891609601,0,0,0,0,0,ABSENT,0,1,ABSENT
1260223225172242432,0,0,0,0,0,ABSENT,0,0,ABSENT
1260223298681610241,0,0,0,0,0,ABSENT,1,0,ABSENT
1260223343677960194,0,0,0,0,0,ABSENT,0,0,ABSENT
1260223398745198592,0,0,0,0,1,ABSENT,1,0,ABSENT
1260223461127053312,0,0,0,0,0,ABSENT,0,1,ABSENT
1260223503489523712,0,0,0,0,0,ABSENT,0,0,ABSENT
1260223510112276493,0,0,0,0,0,ABSENT,0,1,ABSENT
1260223546300731392,0,0,0,0,0,ABSENT,0,0,ABSENT
1260223576952713216,0,0,0,0,0,ABSENT,0,0,ABSENT
1260224410285494272,0,0,0,0,0,ABSENT,0,0,ABSENT
1260225032502030337,0,0,0,0,1,ABSENT,1,0,ABSENT
1260228199230967808,1,0,0,1,0,ABSENT,1,0,ABSENT
1260229766466220040,0,0,0,0,1,ABSENT,0,0,SUPPORT
1260231114750332928,0,0,0,1,1,ISLAMOPHOBIA,1,0,SUPPORT
1260232234084245504,0,0,0,0,0,ABSENT,0,1,AGAINST
1260232609025662978,0,0,0,0,1,ABSENT,0,0,ABSENT
1260235104712110092,0,0,0,0,1,ABSENT,1,0,AGAINST
1260236721318477824,0,0,0,0,0,ABSENT,0,0,AGAINST
1260237515556093952,0,0,0,0,0,ABSENT,0,0,AGAINST
1260238414923915265,0,0,0,0,0,ABSENT,0,0,ABSENT
1260238492916998147,0,0,0,0,0,ABSENT,0,1,ABSENT
1260238756969316354,0,0,0,0,0,ABSENT,0,1,ABSENT
1260238873147445251,0,0,0,0,0,ABSENT,0,0,ABSENT
1260238931712446465,0,0,0,0,0,ABSENT,0,0,ABSENT
1260238984992653313,0,0,0,0,0,ABSENT,0,0,ABSENT
1260239093537148928,0,0,0,0,0,ABSENT,0,1,ABSENT
1260239297954938882,0,0,0,0,0,ABSENT,0,0,ABSENT
1260239631477608449,0,0,0,0,0,ABSENT,0,1,ABSENT
1260240156512194560,0,0,0,0,0,ABSENT,0,0,AGAINST
1260240301874184193,0,0,0,0,1,ABSENT,0,0,ABSENT
1260240585346220035,0,0,0,0,0,ABSENT,0,0,ABSENT
1260240617357049856,0,0,0,0,0,ABSENT,0,1,ABSENT
1260241912566624261,0,0,0,0,1,ABSENT,0,0,ABSENT
1260245692557262849,1,1,1,0,0,ABSENT,1,0,SUPPORT
1260246031738064901,0,0,0,0,1,ABSENT,0,0,AGAINST
1260246329583951872,0,0,0,0,0,ABSENT,0,1,ABSENT
1260248285765402631,0,0,0,0,1,ABSENT,1,0,ABSENT
1260248378945880064,0,0,0,1,1,ISLAMOPHOBIA,1,0,ABSENT
1260250683057586176,0,0,0,0,0,ABSENT,0,0,ABSENT
1260251837426515968,0,0,0,0,0,ABSENT,1,0,ABSENT
1260252085918015489,0,0,0,1,1,ABSENT,0,0,ABSENT
1260253401407008768,0,0,0,0,0,ABSENT,0,1,ABSENT
1260253426623053824,0,0,0,0,0,ABSENT,0,0,ABSENT
1260253453957423105,0,0,0,0,1,ABSENT,1,0,ABSENT
1260253462408957952,1,0,1,0,0,ABSENT,0,0,ABSENT
1260253464438935554,0,0,0,0,0,ABSENT,0,1,ABSENT
1260253502862962688,0,0,0,0,0,ABSENT,0,1,ABSENT
1260253885693820930,0,0,0,0,0,ABSENT,0,0,ABSENT
1260254548003893248,0,0,0,0,0,ABSENT,0,0,ABSENT
1260260683607871494,0,0,0,0,0,ABSENT,0,0,ABSENT
1260264099407167491,0,0,0,0,0,ABSENT,0,1,ABSENT
1260267204865593349,0,0,0,0,0,ABSENT,0,0,ABSENT
1260268527233183749,0,0,0,0,0,ABSENT,0,0,ABSENT
1260268616429309961,0,0,0,0,0,ABSENT,0,0,ABSENT
1260268638487134210,0,0,0,0,0,ABSENT,0,1,ABSENT
1260268912618471429,0,0,0,0,0,ABSENT,0,1,ABSENT
1260269139912003584,0,0,0,0,0,ABSENT,0,0,ABSENT
1260270941675958286,0,0,0,0,0,ABSENT,0,1,ABSENT
1260272593254350850,0,0,0,0,1,ABSENT,1,0,ABSENT
1260274804696981506,0,0,0,1,0,ABSENT,1,0,ABSENT
1260276001579446274,0,0,0,0,0,ABSENT,0,0,ABSENT
1260277205797568517,1,0,1,0,0,ABSENT,0,0,ABSENT
1260277957748314112,0,0,0,0,0,ABSENT,0,0,ABSENT
1260283142264496128,0,0,0,0,1,ABSENT,0,0,ABSENT
1260283199466491905,0,0,0,1,1,ABSENT,1,0,ABSENT
1260283629416198145,0,0,0,0,0,ABSENT,0,0,ABSENT
1260283798316556292,0,0,0,0,0,ABSENT,0,1,ABSENT
1260283812258484225,0,0,0,0,0,ABSENT,0,0,ABSENT
1260283814670225414,0,0,0,0,0,ABSENT,0,0,ABSENT
1260283927912222722,0,0,0,0,0,ABSENT,0,0,ABSENT
1260283962401923083,1,0,1,1,0,ISLAMOPHOBIA,1,0,AGAINST
1260284017968103434,0,0,0,0,0,ABSENT,0,1,ABSENT
1260284027153629184,0,0,0,0,0,ABSENT,0,0,ABSENT
1260284095600492545,0,0,0,0,0,ABSENT,0,1,ABSENT
1260285086404169731,0,0,0,0,0,ABSENT,0,1,ABSENT
1260287681768103936,0,0,0,0,0,ABSENT,0,0,AGAINST
1260288817216532480,1,0,1,0,0,ABSENT,0,0,ABSENT
1260293840717729792,0,0,0,0,0,ABSENT,0,1,ABSENT
1260293905439961089,0,0,0,0,0,ABSENT,0,0,ABSENT
1260294061174460418,0,0,0,0,0,ABSENT,1,1,ABSENT
1260294287033610243,0,0,0,0,0,ABSENT,0,1,ABSENT
1260295535531098115,0,0,0,0,0,ABSENT,0,0,AGAINST
1260297978142744579,0,0,0,1,0,ABSENT,0,0,ABSENT
1260298704046653440,0,0,0,0,0,ABSENT,0,0,ABSENT
1260298721411170305,0,0,0,0,0,ABSENT,0,0,ABSENT
1260298722598170626,0,0,0,0,0,ABSENT,0,0,ABSENT
1260298734027583489,0,0,0,0,0,ABSENT,0,0,ABSENT
1260298826293948418,0,0,0,0,0,ABSENT,0,0,ABSENT
1260298839568850947,0,0,0,0,0,ABSENT,0,1,ABSENT
1260298854362218496,0,0,0,0,0,ABSENT,0,0,ABSENT
1260299020980887555,0,0,0,1,1,ISLAMOPHOBIA,1,0,ABSENT
1260299074890235906,0,0,0,1,0,ABSENT,0,1,SUPPORT
1260299126576680967,0,0,0,0,0,ABSENT,0,1,ABSENT
1260299154531762178,0,0,0,0,0,ABSENT,0,0,ABSENT
1260299194063093761,0,0,0,0,0,ABSENT,0,1,ABSENT
1260299576151605248,0,0,0,0,0,ABSENT,0,1,ABSENT
1260299646204813312,0,0,0,0,0,ABSENT,0,0,ABSENT
1260299710277079051,0,0,0,0,0,ABSENT,0,0,ABSENT
1260299759165808651,0,0,0,0,0,ABSENT,0,0,ABSENT
1260301176848908290,0,0,0,0,0,ABSENT,0,0,ABSENT
1260301892736950273,0,0,0,0,0,ABSENT,0,0,AGAINST
1260303758027866113,0,0,0,0,0,ABSENT,0,0,ABSENT
1260303773739687941,0,0,0,0,0,ABSENT,0,0,NEUTRAL
1260305767254679552,0,0,0,0,0,ABSENT,0,0,ABSENT
1260308337373184000,1,0,1,1,1,ISLAMOPHOBIA,1,0,ABSENT
1260308520056107008,0,0,0,0,0,ABSENT,0,0,ABSENT
1260308870393663490,0,0,0,0,0,ABSENT,1,0,AGAINST
1260310401201422336,1,0,1,0,0,ABSENT,1,0,ABSENT
1260310600825090048,0,0,0,0,0,ABSENT,0,0,ABSENT
1260310638678683648,0,0,0,0,0,ABSENT,0,0,ABSENT
1260310787408777216,0,0,0,0,0,ABSENT,0,0,ABSENT
1260311105307631617,1,0,0,0,0,ABSENT,1,0,SUPPORT
1260311149901381633,0,0,0,0,1,ABSENT,1,0,ABSENT
1260311449559277573,0,0,0,0,0,ABSENT,0,0,ABSENT
1260313093479043072,0,0,0,0,1,ABSENT,1,0,ABSENT
1260313801213304835,0,0,0,0,0,ABSENT,0,0,ABSENT
1260313801448058880,0,0,0,0,0,ABSENT,0,1,ABSENT
1260313999243128833,1,0,0,0,1,ABSENT,1,0,ABSENT
1260314024773812224,0,0,0,0,0,ABSENT,0,0,ABSENT
1260314082000998402,0,0,0,0,0,ABSENT,0,1,ABSENT
1260314113609252864,0,0,0,0,1,ABSENT,1,0,ABSENT
1260314184039968768,0,0,0,0,0,ABSENT,0,1,AGAINST
1260321647640313856,0,0,0,0,0,ABSENT,0,0,ABSENT
1260323754040799243,0,0,0,0,0,ABSENT,0,1,ABSENT
1260324697843150849,1,0,0,0,0,ABSENT,1,0,NEUTRAL
1260327308067553288,0,0,0,0,0,ABSENT,0,1,NEUTRAL
